ID,Title,Content,"Short Description",Date,"Post Type",Permalink,"Parent Product ID",Sku,Price,"Regular Price","Sale Price","Stock Status",Stock,"Product Brand","Product Brands","Product Model","Product Qty","Image URL","Image Alt Text","Attachment URL","Product Type",Tags,"Product categories","Product tags",_total_stock_quantity,wc_ps_subtitle,"Author Username","Author First Name","Author Last Name",Weight,Length,Width,Height,Up-Sells,Cross-Sells,"Tax Status"
38808,"Jabra Deskphone cable EVOLVE","<p class=""product_title entry-title"" style=""text-align: left;""><strong>Jabra Deskphone cable EVOLVE RJ9-3,5mm jack converter 2M</strong></p>

<ul class=""a-unordered-list a-vertical a-spacing-none"">
 	<li style=""text-align: left;""><span class=""a-list-item"">Jabra</span></li>
 	<li style=""text-align: left;""><span class=""a-list-item"">88011-100</span></li>
 	<li style=""text-align: left;""><span class=""a-list-item"">Available from Next Day Hardware</span></li>
 	<li style=""text-align: left;""><span class=""a-list-item"">Next Day Delivery</span></li>
 	<li style=""text-align: left;""><span class=""a-list-item"">GN JABRA SMART CORD 3.5MM TO RJ9 EVOLVE</span></li>
</ul>","<p style=""text-align: left;""><strong>Cable Desk Phone</strong></p>",2019-02-28,product,https://loozaa.com/product/jabra-deskphone-cable-evolve/,0,88011-100,145,180.32,145,instock,5,Jabra,,,,https://loozaa.com/wp-content/uploads/2019/02/51QmNC73BML._SL1000_.jpg,,,simple,visible,"Uncategorized>Cable>Jack Converter",#cable|#deskphone|#JabraEvolve,5,,HyperPhoneLLC,HyperPhone,HyperPhone,,,,,,,taxable
38822,"USB Charging Adapter","<p style=""text-align: left;""><strong>Xiaomi 3 in1 USB Type-C to 4K HDMI USB 3.0 PD 2.0 Charging Adapter
</strong>Model Number : PD1
Cable charger adapter for mobile and computer accessories, original brand of Xiaomi.</p>
<p style=""text-align: left;""></p>","<strong>Cable &amp; Charger</strong>",2019-02-28,product,https://loozaa.com/product/usb-charging-adapter/,0,Mi-USB-C,119,119,,instock,5,xiaomi,,,,https://loozaa.com/wp-content/uploads/2019/02/item_XXL_29742833_86405227.jpg|https://loozaa.com/wp-content/uploads/2019/02/item_XXL_29742833_86203556.jpg,|,,simple,visible,"Mobile Accessories>Charger &amp; Cableشواحن و كوابل",#cablecharger|#charger|#xiaomi|usbcable,5,"محول يو إس بي متعدد الإستخدام",HyperPhoneLLC,HyperPhone,HyperPhone,,,,,,,taxable
38824,"Jabra Polycom Adapter","<p class=""product_title entry-title"" style=""text-align: left;""><strong>Jabra EHS Polycom Adapter</strong></p>

<ul class=""a-unordered-list a-vertical a-spacing-none"">
 	<li style=""text-align: left;""><span class=""a-list-item"">Avaya Compatible</span></li>
 	<li style=""text-align: left;""><span class=""a-list-item"">Remote Call Control – Answer and end calls on the Jabra audio device with seamless integration between your phone and headset. With a Jabra wireless audio device you can control your call even when</span>Electronic hook switch solution for Polycom SoundPoint IP phones – plug&amp;playJabra LINK 14201-17 enables remote Electronic Hook Switch Control (EHS) with <a title=""Our best wireless headsets for offices"" href=""https://www.mea.jabra.com/sitecore/service/notfound.aspx?item=%7b9569CB1F-F88B-4F9F-B632-242EE00AAF82%7d%40en"">Jabra wireless headset</a> and select <a title=""Our headsets for Polycom Soundpoint"" href=""https://www.mea.jabra.com/sitecore/service/notfound.aspx?item=%7b59591513-1C4C-4CAE-AC4C-CB6B1954CA0B%7d%40en"">Polycom Soundpoint</a> IP phones (see Jabra compatibility overview or consult your Jabra sales contact for the right solution).
Once installed, employees can control their call directly from their <a title=""Our best wireless headsets for offices"" href=""https://www.mea.jabra.com/sitecore/service/notfound.aspx?item=%7b9569CB1F-F88B-4F9F-B632-242EE00AAF82%7d%40en"">Jabra wireless headset</a> up to 450 ft away from their desk.Specifications:
<ul>
 	<li>Hear ring tone in the headset</li>
 	<li>Answer and end calls</li>
 	<li>Adjust the volume</li>
 	<li>Mute the microphone</li>
</ul>
<span class=""a-list-item"">you are away from your desk.</span></li>
 	<li style=""text-align: left;""><span class=""a-list-item"">Voice Recording</span></li>
 	<li style=""text-align: left;""><span class=""a-list-item"">In-headset Ringtonea</span></li>
</ul>","<strong>Jabra EHS Polycom Adapter</strong>",2019-02-28,product,https://loozaa.com/product/jabra-polycom-adapter/,0,14201-17,115,147.20,115,instock,5,Jabra,,,,https://loozaa.com/wp-content/uploads/2019/02/61vksSTST-L._SL1383_.jpg,,,simple,visible,"Electronics>Adapter|Mobile Accessories>Charger &amp; Cableشواحن و كوابل",#jabradapte|headphoneadapter|polycomadapter,5,,HyperPhoneLLC,HyperPhone,HyperPhone,,,,,,,taxable
38828,"Jabra Avaya EHS","<p class=""product_title entry-title"" style=""text-align: left;""><strong>Jabra Avaya EHS (2420, 4610/4610SW, 4620/4620SW,4621/4621SW)</strong></p>

<ul class=""a-unordered-list a-vertical a-spacing-none"">
 	<li style=""text-align: left;""><span class=""a-list-item"">Avaya Compatible</span></li>
 	<li style=""text-align: left;""><span class=""a-list-item"">Remote Call Control – Answer and end calls on the Jabra audio device with seamless integration between your phone and headset. With a Jabra wireless audio device you can control your call even when you are away from your desk.</span></li>
 	<li style=""text-align: left;""><span class=""a-list-item"">Voice Recording</span></li>
 	<li style=""text-align: left;""><span class=""a-list-item"">In-headset Ringtone</span></li>
</ul>","<p style=""text-align: left;""><strong>Head Phone Accessories</strong></p>",2019-02-28,product,https://loozaa.com/product/jabra-avaya-ehs/,0,14201-19,115,147.20,115,instock,5,Jabra,,,,https://loozaa.com/wp-content/uploads/2019/02/61vksSTST-L._SL1383_-1.jpg,,,simple,visible,"Uncategorized>Cables|Mobile Accessories",#cable|#electronics|#headphoneaccessories|#JabraAvaya,5,,HyperPhoneLLC,HyperPhone,HyperPhone,,,,,,,taxable
38832,"Jabra EHS-Headset Adapter","<p style=""text-align: left;""><strong>Jabra EHS-Adapter for Avaya IP 1408/1416/9404/9408/9504/9508</strong></p>
<p style=""text-align: left;"">Electronic hook switch solution for Avaya phones</p>
<p style=""text-align: left;"">The Jabra LINK 14201-33 enables remote Electronic Hook Switch Control (EHS) with Jabra wireless headsets and the Avaya Digital Deskphone series 1400, 9400 and 9500 series plus the 9608, 9611, 9621G and 9641G IP Deskphone series (see Jabra compatibility overview or consult your Jabra sales contact for the right solution).</p>
<p style=""text-align: left;"">Once installed, employees can control their call directly from their Jabra wireless headsets up to 450 ft away from their desk.</p>","<strong>Jabra EHS-Adapter for Avaya </strong>",2019-02-28,product,https://loozaa.com/product/jabra-ehs-headset-adapter/,0,14201-33,145,180.32,145,instock,5,Jabra,,,,https://loozaa.com/wp-content/uploads/2019/02/da8671dafa95bd327df93a.png,,,simple,visible,"Electronics>Adapter|Mobile Accessories>Charger &amp; Cableشواحن و كوابل",#adapter|#jabraadapter|headsetadapter,5,,HyperPhoneLLC,HyperPhone,HyperPhone,,,,,,,taxable
38836,"Jabra Cisco EHS Adaptor","<p class=""product_title entry-title"" style=""text-align: left;""><strong>Jabra Cisco EHS Adaptor for PRO &amp; GO only</strong></p>
<p style=""text-align: left;"">Electronic hook switch solution for Cisco Unified IP phonesJabra LINK 14201-22 enables remote Electronic Hook Switch Control (EHS) with Jabra PRO wireless headset series and select Cisco Unified IP phones series 7900G (see Jabra compatibility overview or consult your Jabra sales contact for the right solution).
Once installed, employees can control their call directly from their Jabra wireless headset up to 450 ft away from their desk.Specifications:</p>

<ul>
 	<li style=""text-align: left;"">Hear ring tone in the headset</li>
 	<li style=""text-align: left;"">Answer and end calls</li>
 	<li style=""text-align: left;"">Adjust the volume</li>
 	<li style=""text-align: left;"">Mute the microphone</li>
</ul>","<p style=""text-align: left;""><strong>Cable Adaptor</strong></p>",2019-02-28,product,https://loozaa.com/product/jabra-cisco-ehs-adaptor/,0,14201-22,115,147.20,115,instock,5,Jabra,,,,https://loozaa.com/wp-content/uploads/2019/02/7c325f042b15c836924b6e089e100265d10552d8_14201_22_Jabra_LINK_14201_22_0001_14201_22_Image_eCom.png,,,simple,visible,Uncategorized>Cables,#cables|#jabraadapter|#JabraCisco,5,"كابل هاتف من جبرا",HyperPhoneLLC,HyperPhone,HyperPhone,,,,,,,taxable
38837,"Jabra EHS- Deskphone Adapter","<p class=""product_title entry-title"" style=""text-align: left;""><strong>Jabra EHS-Adapter for Avaya-Desk phone Series 1600 and1900</strong></p>
<p style=""text-align: left;"">Electronic hook switch solution for Avaya phonesJabra LINK 14201-35 enables remote Electronic Hook Switch Control (EHS) with Jabra wireless headsets and the Avaya series 1600 and 9600 (see Jabra compatibility overview or consult your Jabra sales contact for the right solution).
Once installed, employees can control their call directly from their Jabra wireless headsets up to 450 ft away from their desk.</p>
<p style=""text-align: left;"">Specifications:</p>

<ul>
 	<li style=""text-align: left;"">Magnetic ring tone detection / hidden installation</li>
 	<li style=""text-align: left;"">Hear ring tone in the headset</li>
 	<li style=""text-align: left;"">Answer and end calls</li>
 	<li style=""text-align: left;"">Adjust the volume</li>
 	<li style=""text-align: left;"">Mute the microphone</li>
</ul>","<strong>Jabra EHS-Adapter for Avaya-Desk phone</strong>",2019-02-28,product,https://loozaa.com/product/jabra-ehs-deskphone-adapter/,0,14201-35,145,184,145,instock,5,Jabra,,,,https://loozaa.com/wp-content/uploads/2019/02/JA14201-35-600x600.jpg,,,simple,visible,"Electronics>Adapter|Mobile Accessories>Charger &amp; Cableشواحن و كوابل",#jabraadapter|cableadapter|deskphoneadapter,5,,HyperPhoneLLC,HyperPhone,HyperPhone,,,,,,,taxable
38842,"Jabra EHS-Adapter for Nortel","<p style=""text-align: left;""><strong>Jabra EHS-Adapter for Nortel via USB (Nortel 1120/1140/1150)</strong></p>","<strong>Jabra EHS-Adapter for Nortel</strong>",2019-02-28,product,https://loozaa.com/product/jabra-ehs-adapter-for-nortel/,0,14201-32,145,180.32,145,instock,5,Jabra,,,,https://loozaa.com/wp-content/uploads/2019/02/9abd94b18f4df30d7b42f09f31bdf50da9d36778_14201_30_Jabra_LINK_14201_30_0001_14201_30_Image_eCom-1.png|https://loozaa.com/wp-content/uploads/2019/02/9abd94b18f4df30d7b42f09f31bdf50da9d36778_14201_30_Jabra_LINK_14201_30_0001_14201_30_Image_eCom.png,|,,simple,visible,"Electronics>Adapter|Mobile Accessories>Charger &amp; Cableشواحن و كوابل","jabrausbadapter|nortelusbadapter. cableadapter",5,,HyperPhoneLLC,HyperPhone,HyperPhone,,,,,,,taxable
38843,"Jabra Cisco HHC Adaptor","<p style=""text-align: left;""><strong>Jabra Cisco HHC Adaptor</strong></p>
&nbsp;","<p style=""text-align: left;""><strong>Cable Adaptor</strong></p>",2019-02-28,product,https://loozaa.com/product/jabra-cisco-hhc-adaptor/,0,14201-16,115,147.20,115,instock,5,Jabra,,,,https://loozaa.com/wp-content/uploads/2019/02/61vksSTST-L._SL1383_-1.jpg,,,simple,visible,"Uncategorized>Cables|Mobile Accessories>Charger &amp; Cableشواحن و كوابل",#Cableadaptor|#cables|#JabraCables|#JabraCisco,5,,HyperPhoneLLC,HyperPhone,HyperPhone,,,,,,,taxable
38846,"Jabra EHS-Adapter for Cisco","<p style=""text-align: left;""><strong>Jabra EHS-Adapter for PRO&amp;GO for Cisco via USB (8961/9951/9971)</strong></p>
<p style=""text-align: left;"">Electronic hook switch solution for Cisco IP phones with USB headset portJabra LINK 14201-30 enables remote Electronic Hook Switch Control (EHS) with Jabra wireless headsets and the Cisco Unified IP Phone 8900 and 9900 series with USB headset port (see Jabra compatibility overview or consult your Jabra sales contact for the right solution).
Once installed, employees can control their call directly from their Jabra wireless headsets headset up to 450 ft away from their desk.Specifications:</p>

<ul style=""text-align: left;"">
 	<li>Hear ring tone in the headset</li>
 	<li>Answer and end calls</li>
 	<li>Adjust the volume</li>
 	<li>Mute the microphone</li>
 	<li>Firmware upgradeable</li>
</ul>
<p style=""text-align: left;""></p>","<strong>Jabra EHS-Adapter for Cisco</strong>",2019-02-28,product,https://loozaa.com/product/jabra-ehs-adapter-for-cisco/,0,14201-30,145,180.32,145,instock,5,Jabra,,,,https://loozaa.com/wp-content/uploads/2019/02/9abd94b18f4df30d7b42f09f31bdf50da9d36778_14201_30_Jabra_LINK_14201_30_0001_14201_30_Image_eCom-1.png,,,simple,visible,"Electronics>Adapter|Mobile Accessories>Charger &amp; Cableشواحن و كوابل",#jabraadapter|ciscousbadaapter|headsetadapter|usbadapter,5,,HyperPhoneLLC,HyperPhone,HyperPhone,,,,,,,taxable
38847,"Jabra CORD FOR ALCATEL","<p class=""product_title entry-title"" style=""text-align: left;""><strong>Jabra CORD FOR ALCATEL, 500mm+3.5m w 3.5mm</strong></p>

<ul class=""a-unordered-list a-vertical a-spacing-none"">
 	<li style=""text-align: left;""><span class=""a-list-item"">Jabra quick disconnect (QD) to 3</span></li>
 	<li style=""text-align: left;""><span class=""a-list-item"">Original and authentic, manufacturer made accessory</span></li>
 	<li style=""text-align: left;""><span class=""a-list-item"">MPN: 8735-019</span></li>
</ul>","<p style=""text-align: left;""><strong>Cable Cord</strong></p>",2019-02-28,product,https://loozaa.com/product/jabra-cord-for-alcatel/,0,8735-019,90,110.40,90,instock,5,Jabra,,,,https://loozaa.com/wp-content/uploads/2019/02/61DcvzfW0jL._SL1400_-1.jpg,,,simple,visible,Uncategorized>Cables,#cable|#Cord|#JabraCable,5,"كابل هاتف الكاتيل من جبرا",HyperPhoneLLC,HyperPhone,HyperPhone,,,,,,,taxable
38853,"Phone Cord Link","<p style=""text-align: left;""><strong>Phone Cord Link 230
</strong>Simple plug and play use, without further installations. Suitable use for connecting <em>cables</em>, power <em>cord</em>, and phone direct support.
Please refer to any handbook instruction for further use.</p>","<strong>Cable &amp; Charger</strong>",2019-02-28,product,https://loozaa.com/product/phone-cord-link/,0,,180,217.12,180,instock,5,Jabra,,,,https://loozaa.com/wp-content/uploads/2019/02/230-09-2-1.jpg|https://loozaa.com/wp-content/uploads/2019/02/230-09-2.jpg,|,,simple,visible,"Mobile Accessories>Charger &amp; Cableشواحن و كوابل",#cablecharger|#charger|#jabracord|#jabralink|usbcable,5,"كابل هاتف",HyperPhoneLLC,HyperPhone,HyperPhone,,,,,,,taxable
38854,"Jabra Dial 550 UC/Lync","<p class=""product_title entry-title"" style=""text-align: left;""><strong>Jabra Dial 550 UC/Lync</strong></p>
<p style=""text-align: left;"">The Jabra Dial 550 is a USB handset that allows you to instantly take advantage of softphone applications with the ease of use and convenience you desire.</p>
<p class=""ng-binding"" style=""text-align: left;""><strong>Easy and intuitive handset for Unified Communications
</strong>With the Jabra Dial 550 you can quickly take advantage of the collaboration capabilities that Unified Communications and softphone platforms provide. It delivers standard handset features, familiar functionality and comes with a handy flip stand that keeps your handset nearby and protects it when you are on the go. You can even hear incoming calls when your computer is locked or muted.
<strong>Seamless integration with all leading Unified Communications systems
</strong>Easy USB plug-and-play connection integrates with all leading Unified Communications systems.
<strong>True HD Voice/wideband audio performance
</strong>The Jabra Dial 550’s HD Voice/wideband audio and omni-directional microphone deliver lifelike audio quality for low noise environments.
<strong>Jabra Dial 550
</strong>The Jabra Dial 550 is a USB handset that allows you to instantly take advantage of softphone applications with the ease of use and convenience you desire.</p>","<p style=""text-align: left;""><strong>Hand Set</strong></p>",2019-02-28,product,https://loozaa.com/product/jabra-dial-550-uc-lync/,0,7550-09,230,290.72,230,instock,5,Jabra,,,,https://loozaa.com/wp-content/uploads/2019/02/Dial550_6.png|https://loozaa.com/wp-content/uploads/2019/02/Dial550_5.png|https://loozaa.com/wp-content/uploads/2019/02/Dial550_3.png|https://loozaa.com/wp-content/uploads/2019/02/Dial550_4.png|https://loozaa.com/wp-content/uploads/2019/02/Dial550_2.png,||||,,simple,visible,"Electronics>Hand Set",#electronics|#handset|#JabraHandSet,5,"هاتف وايرلس من جبرا",HyperPhoneLLC,HyperPhone,HyperPhone,,,,,,,taxable
38855,"Jabra EHS- Deaskphone Adapter","<p class=""product_title entry-title"" style=""text-align: left;""><strong>Jabra EHS-Adapter for PRO&amp;GO for NEC DT730 &amp; 750 desk phone</strong><strong>s</strong></p>
<p style=""text-align: left;""></p>","<strong>Jabra EHS-Adapter for PRO&amp;GO</strong>",2019-02-28,product,https://loozaa.com/product/38855/,0,14201-31,145,180.32,145,instock,5,Jabra,,,,https://loozaa.com/wp-content/uploads/2019/02/a1fba6338d6546458d9a2ce3ffd42f41e89e2087_14201_31_Jabra_LINK_14201_31_0001_14201_31_Image_eCom.png,,,simple,visible,"Electronics>Adapter|Mobile Accessories>Charger &amp; Cableشواحن و كوابل",#jabraadapter|deskphoneadapter|goproadapter,5,,HyperPhoneLLC,HyperPhone,HyperPhone,,,,,,,taxable
38859,"Jabra Extension Cord","<p style=""text-align: left;""><strong>Jabra extension cord 2x QD plugs, 0.5 – 2 m, coiled ,extension cord
</strong>♦  The product length is flexible for electrical cable with a plug on one end and one or more sockets on the other end.
♦ This can be directly used at the edges of the phones
♦  Are batteries needed to power the product or is this product a battery: No</p>
&nbsp;","<strong>Jabra extension cord 2x QD plugs</strong>",2019-02-28,product,https://loozaa.com/product/jabra-extension-cord/,0,8730-009,90,110.40,90,instock,5,Jabra,,,,https://loozaa.com/wp-content/uploads/2019/02/41IxX5tFmtL.jpg|https://loozaa.com/wp-content/uploads/2019/02/81fWEPUD5iL._SX569_.jpg,|,,simple,visible,Uncategorized>Cables,#jabraextensioncord|cableextension,5,,HyperPhoneLLC,HyperPhone,HyperPhone,,,,,,,taxable
38864,"Phone Cord Link","<p style=""text-align: left;""><strong>Jabra RJ10 Cord to 2,5mm pin plug, 1,0 meter</strong>
Simple plug and play use, without further installations. Suitable use for connecting <em>cables</em>, power <em>cord</em>, and phone direct support.
Please refer to any handbook instruction for further use.</p>","<strong>Cable &amp; Charger</strong>",2019-02-28,product,https://loozaa.com/product/phone-cord-link-2/,0,,90,110.40,90,instock,5,Jabra,,,,https://loozaa.com/wp-content/uploads/2019/02/41hC-ZniqhL-1.jpg,,,simple,visible,"Mobile Accessories>Charger &amp; Cableشواحن و كوابل",#cablecharger|#charger|#jabracord|#jabralink|usbcable,5,,HyperPhoneLLC,HyperPhone,HyperPhone,,,,,,,taxable
38870,"Jabra Mod plug","<p class=""product_title entry-title"" style=""text-align: left;""><strong>Jabra GN 1200 0.8m straight QD to Mod Plug</strong></p>
<p style=""text-align: left;""></p>",,2019-02-28,product,https://loozaa.com/product/jabra-mod-plug/,0,88001-99,90,110.40,90,instock,5,,Jabra,,,https://loozaa.com/wp-content/uploads/2019/02/GN-1200-0.8m-straight-QD-to-Mod-Plug.png,,,simple,visible,Uncategorized>Cables,#jabracordplug|cablemodplug,5,,HyperPhoneLLC,HyperPhone,HyperPhone,,,,,,,taxable
38872,"Jabra EHS Adaptor","<p class=""product_title entry-title"" style=""text-align: left;""><strong>Jabra EHS Adaptor (AVAYA/ALCATEL-LUCENT/SHORTEL/TOSHIBA)</strong></p>
<p style=""text-align: left;"">Electronic hook switch solution for a range of desk phones, incl. Avaya, Alcatel, Shoretel, ToshibaJabra LINK 14201-20 enables remote Electronic Hook Switch Control (EHS) with Jabra wireless headset and a range of desk phones (see Jabra compatibility overview or consult your Jabra sales contact for the right solution).
Once installed, employees can control their call directly from their Jabra wireless headset up to 450 ft away from their desk.</p>
<p style=""text-align: left;""><strong>Specifications:
</strong></p>

<ul>
 	<li style=""text-align: left;"">Hear ring tone in headset</li>
 	<li style=""text-align: left;"">Answer and end calls</li>
 	<li style=""text-align: left;"">Adjust the volume</li>
 	<li style=""text-align: left;"">Mute the microphone</li>
</ul>","<p style=""text-align: left;""><strong>Cable Adaptor</strong></p>",2019-02-28,product,https://loozaa.com/product/jabra-ehs-adaptor/,0,14201-19-1,145,184,145,instock,5,Jabra,,,,https://loozaa.com/wp-content/uploads/2019/02/JA14201-35-600x600-1.jpg,,,simple,visible,"Electronics>adaptor|Uncategorized>Cables|Mobile Accessories>Charger &amp; Cableشواحن و كوابل|Uncategorized>Cable>Jack Converter",#Cableadaptor|#JabraCable,5,,HyperPhoneLLC,HyperPhone,HyperPhone,,,,,,,taxable
38877,"Phone Cord Coiled Link","<p style=""text-align: left;""><strong>Jabra QD to 2,5mm Plug, coiled 0,5-2m</strong>
Simple plug and play use, without further installations. Suitable use for connecting <em>cables</em>, power <em>cord</em>, and phone direct support.
Please refer to any handbook instruction for further use.</p>","<strong>Cable &amp; Charger</strong>",2019-02-28,product,https://loozaa.com/product/phone-cord-coiled-link/,0,8800-01-46,90,110.40,90,instock,5,Jabra,,,,https://loozaa.com/wp-content/uploads/2019/02/51PwfIQ1jHL._SL1000_-1.jpg,,,simple,visible,"Mobile Accessories>Charger &amp; Cableشواحن و كوابل",#cablecharger|#charger|#jabracord|#jabralink|usbcable,5,,HyperPhoneLLC,HyperPhone,HyperPhone,,,,,,,taxable
38887,"Jabra GN Cable","<p style=""text-align: left;""><strong>Jabra GN 1216 (for Avaya 9600/1600)</strong></p>","<strong>Jabra GN Cable</strong>",2019-02-28,product,https://loozaa.com/product/jabra-gn-cable/,0,88001-04-1,120,143.53,120,instock,5,Jabra,,,,https://loozaa.com/wp-content/uploads/2019/02/GN-1216-for-Avaya-96001600.png,,,simple,visible,"Electronics>Adapter|Mobile Accessories>Charger &amp; Cableشواحن و كوابل",#charger&amp;cable|#JabraCable|cablesadapter,5,,HyperPhoneLLC,HyperPhone,HyperPhone,,,,,,,taxable
38893,"Jabra Link 260 Cable","<p style=""text-align: left;""><strong>Jabra Link 260</strong></p>","<p style=""text-align: left;""><strong>Cable Adaptor</strong></p>",2019-02-28,product,https://loozaa.com/product/jabra-link-260-cable/,0,260-09,290,364.32,290,instock,5,Jabra,,,,https://loozaa.com/wp-content/uploads/2019/02/51ptOjjNrhL._SL1100_-1.jpg,,,simple,visible,"Uncategorized>Cable|Mobile Accessories>Charger &amp; Cableشواحن و كوابل",#Adaptor|#cables|#JabraCables,5,,HyperPhoneLLC,HyperPhone,HyperPhone,,,,,,,taxable
38900,"Colgate toothpaste, 4*120 ml","<p style=""text-align: left;""><strong>Colgate toothpaste, 4*120 ml</strong>
Features: 120 ml , Maximum Cavity Protection
<strong>Description:</strong> Strengthens teeth, freshens breath .Clinically proven to strengthen and repair weak spots in the enamel. Helps remove and prevent stains. Refreshes and whitens teeth by gently removing surface stains. Fights germs for 12 hours and freshens breath. Helps prevent plaque and gingivitis</p>",<strong>Toothpaste</strong>,2019-02-28,product,https://loozaa.com/product/colgate-toothpaste-4120-ml/,0,,14.50,14.50,,instock,5,Colgate,,,,https://loozaa.com/wp-content/uploads/2019/02/colgate.png,,,simple,visible,"Home &amp; Garden المنزل و الحديقة>Home Furnishing|Uncategorized>HomeHouseAccessories|Home &amp; Garden المنزل و الحديقة>Kitchen &amp; Dining",#grocery|#toothpaste,5,"معجون أسنان كولجيت 4 قطع",GiftsForLess,"Gifts For",Less,,,,,,,taxable
38904,"Jabra Link 265 Training Cable","<p style=""text-align: left;""><strong>Jabra Link 265 (Y training cable USB to 2xQD)</strong></p>","<p style=""text-align: left;""><strong>Training Cable</strong></p>",2019-02-28,product,https://loozaa.com/product/jabra-link-265-training-cable/,0,265-09,330,437.32,330,instock,5,Jabra,,,,https://loozaa.com/wp-content/uploads/2019/02/Link-265Y-training-cable-USB-to-2xQD-1.png,,,simple,visible,"Uncategorized>Cable|Mobile Accessories>Charger &amp; Cableشواحن و كوابل",#cable|#JabraCable|phonecable,5,,HyperPhoneLLC,HyperPhone,HyperPhone,,,,,,,taxable
38906,"Jabra GN Cable","<p style=""text-align: left;""><strong>Jabra GN 1216 coiled (for Avaya 9600/1600)</strong></p>
&nbsp;","<strong>Jabra GN Cable for avaya</strong>",2019-02-28,product,https://loozaa.com/product/jabra-gn-cable-2/,0,88001-04,120,143.52,120,instock,5,Jabra,,,,https://loozaa.com/wp-content/uploads/2019/02/GN-1216-coiled.png,,,simple,visible,"Mobile Accessories>Charger &amp; Cableشواحن و كوابل",#JabraCable|phonecable,5,,HyperPhoneLLC,HyperPhone,HyperPhone,,,,,,,taxable
38907,"Jabra GN Attenuation Cord","<p style=""text-align: left;""><strong>Jabra GN 1218 AC2m (Attenuation Cord)</strong></p>","<strong>Jabra GN 1218 AC2m (Attenuation Cord)</strong>",2019-02-28,product,https://loozaa.com/product/jabra-gn-attenuation-cord/,0,88011-102,110,132.48,110,instock,5,Jabra,,,,https://loozaa.com/wp-content/uploads/2019/02/77bb33f802aa5d94870f18c05abccbadf4395efe_Jabra_GN1218_Attenuation_Cord.png,,,simple,visible,"Mobile Accessories>Charger &amp; Cableشواحن و كوابل",#JabraCables|cableadapter,5,,HyperPhoneLLC,HyperPhone,HyperPhone,,,,,,,taxable
38912,"Jabra training cable USB","<p style=""text-align: left;""><strong>Jabra Link 265 (Y training cable USB to 2xQD) (Copy)</strong></p>","<p style=""text-align: left;""><strong>Training Cable Adaptor</strong></p>",2019-02-28,product,https://loozaa.com/product/jabra-training-cable-usb/,0,265-09-1,330,437.92,330,instock,5,Jabra,,,,https://loozaa.com/wp-content/uploads/2019/02/Link-265Y-training-cable-USB-to-2xQD-2.png,,,simple,visible,"Uncategorized>Cable|Mobile Accessories>Charger &amp; Cableشواحن و كوابل",#cable|#JabraAdaptor|#TrainingCable,5,,HyperPhoneLLC,HyperPhone,HyperPhone,,,,,,,taxable
38916,"Jabra Handset 450™","<p style=""text-align: left;""><strong>Jabra Handset 450™ White color
</strong>For users that prefer a hand-held phone and wireless freedom
<strong>Crystal clear sound</strong>
Handset 450 integrates wideband audio to give you a crystal clear and natural sound experience, guaranteeing that you won’t miss any details. The noise-cancelling microphone will eliminate any background noise and ensure that you are always heard.
<strong>Wireless, secure and simple</strong>
Jabra Handset 450’s plug-and-play solution ensures that installation is truly hassle-free. Wireless DECT technology allows you take the call anywhere in the office, with a range of up to 20m High security DECT encryption and physical pairing, (rather than over the air) safeguards superior transmission security.
<strong>You’re in control</strong>
Several Handset 450 features enhance user convenience, allowing you to have firm control. Lift the handset to answer a call. Put it back in the cradle to end it. Easy controls allow you to mute calls and adjust volume. A beep tone will let you know if there is a call waiting. The rechargeable battery gives you up to 15 hours of talk-time.
<strong>Supported platforms</strong>
Works with most softphones such as <a href=""https://www.mea.jabra.com/business/for-your-platform/microsoft"">Skype for Business (Lync)</a> and is certified for <a href=""https://www.mea.jabra.com/business/for-your-platform/cisco"">Cisco Jabber</a>.</p>","<strong>Jabra Handset 450™ White color</strong>",2019-02-28,product,https://loozaa.com/product/jabra-handset-450/,0,990-012-04,550,732.32,550,instock,5,Jabra,,,,https://loozaa.com/wp-content/uploads/2019/02/f51f836f8329b992ec7c36bdfb861057de4d13ca_jabra_handset_450_white_03_Jabra_handset_450_white_0003_jabra_handset_450_white_03_Image_eCom-1.png|https://loozaa.com/wp-content/uploads/2019/02/84191fbc1a806bc9125e31151f030158694741b2_jabra_handset_450_white_Jabra_handset_450_white_0001_jabra_handset_450_white_Image_eCom.png|https://loozaa.com/wp-content/uploads/2019/02/ksp1-1.jpg|https://loozaa.com/wp-content/uploads/2019/02/9ca7152ae70e0817c35fecc72a9f61ba85565762_jabra_handset_450_white_02_Jabra_handset_450_white_0002_jabra_handset_450_white_02_Image_eCom-1.png|https://loozaa.com/wp-content/uploads/2019/02/9ca7152ae70e0817c35fecc72a9f61ba85565762_jabra_handset_450_white_02_Jabra_handset_450_white_0002_jabra_handset_450_white_02_Image_eCom.png|https://loozaa.com/wp-content/uploads/2019/02/f51f836f8329b992ec7c36bdfb861057de4d13ca_jabra_handset_450_white_03_Jabra_handset_450_white_0003_jabra_handset_450_white_03_Image_eCom.png|https://loozaa.com/wp-content/uploads/2019/02/84191fbc1a806bc9125e31151f030158694741b2_jabra_handset_450_white_Jabra_handset_450_white_0001_jabra_handset_450_white_Image_eCom-1.png,||||||,,simple,visible,"Electronics>Hand Set",#jabrahandsetphone|wirelesscables|wirelessphone,5,"هاتف جبرا لاسلكي 450",HyperPhoneLLC,HyperPhone,HyperPhone,,,,,,,taxable
38927,"Palmolive Natural Shampoo, 380 ml","<p style=""text-align: left;""><strong>Palmolive Natural Shampoo, 380 ml</strong>
Features: Leaves hair smooth, shiny and smells good all day.
<strong>Description</strong>: Palmolive shampoo has different variants that suits every hair type. And with its different colors and smells, you will definitely feels fresh and beautiful all day.
Available Variant: Palmolive Health &amp; Shine , Palmolive Curl Control ,Palmolive Fresh &amp; Volume, Palmolive  Nourish &amp; Detangle, Palmolive Anti-Dandruff, Palmolive anti fall.</p>",<strong>Toothpaste</strong>,2019-02-28,product,https://loozaa.com/product/palmolive-natural-shampoo-380-ml/,0,,5.75,5.75,,instock,5,Palmolive,,,,https://loozaa.com/wp-content/uploads/2019/02/palmolive.jpg,,,simple,visible,"Home &amp; Garden المنزل و الحديقة>Home Furnishing|Uncategorized>HomeHouseAccessories|Home &amp; Garden المنزل و الحديقة>Kitchen &amp; Dining",#grocery|#palmolive|#shampoo,5,"شامبو بالموليف 380 مل",GiftsForLess,"Gifts For",Less,,,,,,,taxable
38928,"Jabra USB Adaptor with Bluetooth","<p style=""text-align: left;""><strong>Jabra Link 280 USB Adaptor with Bluetooth Connection</strong></p>","<p style=""text-align: left;""><strong>USB Adaptor Cable</strong></p>",2019-02-28,product,https://loozaa.com/product/jabra-usb-adaptor-with-bluetooth/,0,280-09,410,511.52,410,instock,5,Jabra,,,,https://loozaa.com/wp-content/uploads/2019/02/Jabra_LINK_280_MS_0002_Jabra_R.png,,,simple,visible,"Uncategorized>Cable|Mobile Accessories>Charger &amp; Cableشواحن و كوابل",#Adaptor|#Cableadaptor|#cables|#JabraAdaptor,5,"محول يو اس بي من جبرا",HyperPhoneLLC,HyperPhone,HyperPhone,,,,,,,taxable
38929,"Griffin 5,200MAH Power Bank","<p style=""text-align: left;""><strong>Griffin 5,200MAH, RESERVE POWER BANK, BLACK
♦</strong>Rechargeable Lithium-Ion Battery – 5200 mAh capacity
<strong>♦</strong>Delivers 10 watts of power (5 volts at 2.1 amps) for any smartphone, tablet, wearable, or other USB-charged device
<strong>♦</strong>Recharge from any wall charger, car charger or laptop with the include micro-USB charge cable
<strong>♦</strong>LED charge gauge</p>
<p style=""text-align: left;""></p>","<strong>Griffin 5,200MAH, RESERVE POWER BANK</strong>",2019-02-28,product,https://loozaa.com/product/38929/,0,GC43394,53.30,89,53.30,instock,5,Griffin,,,,https://loozaa.com/wp-content/uploads/2019/02/gc43394-reserve-power-bank-5200-black-02.jpg|https://loozaa.com/wp-content/uploads/2019/02/gc43394-reserve-power-bank-5200-black-04.jpg|https://loozaa.com/wp-content/uploads/2019/02/gc43394-reserve-power-bank-5200-black-05.jpg|https://loozaa.com/wp-content/uploads/2019/02/gc43394-reserve-power-bank-5200-black-06.jpg,|||,,simple,visible,"Mobile Accessories>Power bank",#griffinpowerbank|#powerbank,5,"باور بانك جريفين 5200 امبير",HyperPhoneLLC,HyperPhone,HyperPhone,,,,,,,taxable
38938,"Griffin 9,000MAH Power Bank","<p style=""text-align: left;""><strong>Griffin 9,000MAH, RESERVE POWER BANK, BLACK
</strong><strong>♦</strong>Rechargeable Lithium-Ion Battery – 9000 mAh capacity
<strong>♦</strong>Delivers 12 watts of power (5 volts at 2.4 amps) for any smartphone, tablet, wearable, or other USB-charged device
<strong>♦</strong>Recharge from any wall charger, car charger or laptop with the include micro-USB charge cable
<strong>♦</strong>LED charge gauge</p>","Griffin 9,000MAH Power Bank",2019-02-28,product,https://loozaa.com/product/griffin-9000mah-power-bank/,0,GC43395,62.5,109,62.5,instock,5,Griffin,,,,https://loozaa.com/wp-content/uploads/2019/02/gc43395-reserve-power-bank-9000-black-02.jpg|https://loozaa.com/wp-content/uploads/2019/02/gc43395-reserve-power-bank-9000-black-03.jpg|https://loozaa.com/wp-content/uploads/2019/02/gc43395-reserve-power-bank-9000-black-01.jpg|https://loozaa.com/wp-content/uploads/2019/02/gc43395-reserve-power-bank-9000-black-05.jpg|https://loozaa.com/wp-content/uploads/2019/02/gc43395-reserve-power-bank-9000-black-06.jpg|https://loozaa.com/wp-content/uploads/2019/02/gc43395-reserve-power-bank-9000-black-06-1.jpg,|||||,,simple,visible,"Mobile Accessories>Charger &amp; Cableشواحن و كوابل>Power Bank",#griffinpowerbank|#powerbank,5,"باور بانك جريفين 9000 امبير",HyperPhoneLLC,HyperPhone,HyperPhone,,,,,,,taxable
38998,"iPhone Lightning Dock","<p style=""text-align: left;""><strong>iPhone Lightning Dock – White
</strong>With the Apple iPhone Lightning Dock, you can keep your iPhone within easy reach as it charges or syncs with your computer. Ideal for your desktop, this lightning dock connects to your computer or an electrical outlet for easy charging and syncing of your iPhone. A 3.5mm audio line out port lets you connect the iPhone to powered speakers so that you can listen to music while special audio porting enables you to receive crystal clear speakerphone calls. This Apple iPhone Lightning Dock is compatible with different iPhone and iPad models and sports an elegant gray color.</p>","<strong>iPhone Lightning Dock – White</strong>",2019-03-02,product,https://loozaa.com/product/iphone-lightning-dock/,0,"Apple iPhone Lightning",169,169,,instock,5,,,,,https://loozaa.com/wp-content/uploads/2019/03/MGRM2-1-1.jpg|https://loozaa.com/wp-content/uploads/2019/03/MGRM2-2.jpg|https://loozaa.com/wp-content/uploads/2019/03/MGRM2-3.jpg|https://loozaa.com/wp-content/uploads/2019/03/MGRM2-4.jpg,|||,,simple,visible,"Mobile Accessories>Charger &amp; Cableشواحن و كوابل>Power Bank",#iphonelightningdock|applepowerbank|iphonepowerbank,5,"منصة شحن آيفون",HyperPhoneLLC,HyperPhone,HyperPhone,,,,,,,taxable
39116,"Scraper Professional Cutting Tool","<p style=""text-align: left;""><strong>Nano Cool Scraper Professional Cutting Tool</strong></p>
<p style=""text-align: left;"">Nano Cool Scraper Professional Cutting Tool
You will be satisfied with the shopping experience in our store.</p>","<p class=""product_title entry-title show-product-nav""><strong>Professional Cutting Tool</strong></p>",2019-03-02,product,https://loozaa.com/product/scraper-professional-cutting-tool/,0,,15,15,,instock,5,ATCA,,,,https://loozaa.com/wp-content/uploads/2019/03/Scraper-Nano-Cool.jpg|https://loozaa.com/wp-content/uploads/2019/03/scraper.jpg,|,,simple,visible,"Uncategorized>homecaracessories|Car accessories لوازم السيارات>Others>Tools &amp; Hardware>Tools",#autoaccessories|#cartools|#scraper|#tools|#tools&amp;storage,5,,caronic,caronic,,0.10,20,8,3,,,taxable
39139,"Snap-Off Cutter Professional Cutting Tool","<p style=""text-align: left;""><strong>Snap-Off Cutter Professional Cutting Tool
</strong>Nano Cool Snap-Off Cutter Professional Cutting Tool</p>","<strong>Cutting Tools</strong>",2019-03-02,product,https://loozaa.com/product/snap-off-cutter-professional-cutting-tool/,0,,15,15,,instock,5,ATCA,,,,https://loozaa.com/wp-content/uploads/2019/03/snap-off-Cutter.jpg,,,simple,visible,"Uncategorized>homecaracessories|Car accessories لوازم السيارات>Others>Tools &amp; Hardware>Tools",#autoaccessories|#cartools|#scraper|#tools|#tools&amp;storage,5,,caronic,caronic,,0.10,20,8,3,,,taxable
39188,"Pacific Silver Eau de parfum, 80 ml","<p style=""text-align: left;""><strong>Pacific Siver Eau de parfum, 80 ml
</strong>Available Silver for Men
This perfume is made of flavors of Musky and woody allows the scent to be strong and muscular for men. Suitable for any type of occasion.</p>
<p style=""text-align: left;""></p>",<strong>Perfumes</strong>,2019-03-02,product,https://loozaa.com/product/pacific-silver-eau-de-parfum-80-ml/,0,,240,240,,instock,5,,,,,https://loozaa.com/wp-content/uploads/2019/02/perfumes1-7.jpg,,,simple,visible,"Dokhoon دخون>Arabic Perfume    عطور عربية|Dokhoon دخون>Arabic scents        عطورات عربية|Uncategorized>HomeDokhoonSection",#arabicperfumes|#eaudeparfum|#gold|#pacific|#pacificgold|#pacificsilver|#silver|Perfumes,5,"عطر باسيفيك",TangoPerfumes,Tango,Perfumes,,,,,,,taxable
39211,"Alto Gold, 75 ml","<p style=""text-align: left;""><strong>Alto Perfume, 75 ml
</strong>Available Gold for Women
This primary notes of this perfume are Floral, Citrus, Pachuli, Woody and Fresh Spicy that brings unforgettable fragrance for women.</p>","<strong>Tango Perfumes</strong>",2019-03-02,product,https://loozaa.com/product/alto-gold-75-ml/,0,,240,240,,instock,5,,,,,https://loozaa.com/wp-content/uploads/2019/02/perfumes1-4.jpg,,,simple,visible,"Dokhoon دخون>Arabic Perfume    عطور عربية|Dokhoon دخون>Arabic scents        عطورات عربية|Uncategorized>HomeDokhoonSection",#altoperfume|#altosilver|Perfume,5,"عطر آلتو",TangoPerfumes,Tango,Perfumes,,,,,,,taxable
39250,"Tornado, 100 ml","<p style=""text-align: left;""><strong>Tornado, 100 ml</strong>
Available at Silver for Men
The primary notes of this perfumes are Citrus, Woody, Fresh spicy that gives unforgettable scent for Men.</p>","<strong>Tango Perfume</strong>",2019-03-02,product,https://loozaa.com/product/tornado-100-ml-2/,0,,320,320,,instock,5,,,,,https://loozaa.com/wp-content/uploads/2019/02/perfumes1-5.jpg,,,simple,visible,"Dokhoon دخون>Arabic Perfume    عطور عربية|Dokhoon دخون>Arabic scents        عطورات عربية|Uncategorized>HomeDokhoonSection",#arabicperfumes|#arabicscent|#tordonadogold|#tornado|#tornadosilver,5,"عطر تورنيدو",TangoPerfumes,Tango,Perfumes,,,,,,,taxable
39258,"Louis Moente Per Homme, 100 ml","<p style=""text-align: left;""><strong>Louis Moente Per Homme, 100 ml
</strong>Available at Silver</p>
<p style=""text-align: left;""><strong> </strong></p>
<p style=""text-align: left;""></p>",<strong>Perfumes</strong>,2019-03-02,product,https://loozaa.com/product/louis-moente-per-homme-100-ml/,0,,350,350,,instock,5,,,,,https://loozaa.com/wp-content/uploads/2019/02/perfumes1-1.jpg,,,simple,visible,"Dokhoon دخون>Arabic Perfume    عطور عربية",#arabicperfumes|#gold|#louismoenteperhomme|#silver|Perfumes,5,"عطر لوي مونتي بوغ اوم",TangoPerfumes,Tango,Perfumes,,,,,,,taxable
39389,"JBL CS1214T 12″ Bass Tube","<p style=""text-align: left;""><strong>JBL CS1214T 12″ Bass Tube Sub-woofer
</strong>General
Type Tube enclosure
Enclosure Type Tube
Size 12″
Power Handling (RMS) 250W
Sensitivity (2.83V@1m); 90dB
Dimensions 13” x 26”
<strong>*For Installation Inquiries please contact customer support*
</strong></p>
<p style=""text-align: left;""><strong>PRODUCT FEATURES:
</strong>12″ Bass Tube Sub-Woofer
Brand: JBL
Color: Black
RMS Power Handling: 250 Watts
Peak Power Handling: 1000 Watts
Frequency Response: 35 to 200 Hz
Nominal Impedance: 4 Ohm
Installation: Surface Mounted
Power: 1000 Watts
Details: Solid woofer fence
JBL quality for entry-level enthusiasts
Maximum woofer efficiency
Plus One Technology</p>","<p style=""text-align: left;""><strong>Speaker</strong></p>",2019-03-02,product,https://loozaa.com/product/jbl-cs1214t-12%e2%80%b3-bass-tube/,0,,259,259,,instock,5,JBL,,,,https://loozaa.com/wp-content/uploads/2019/03/JBL-CS1214T-full.jpg|https://loozaa.com/wp-content/uploads/2019/03/JBL-CS1214T-copy.jpg|https://loozaa.com/wp-content/uploads/2019/03/JBL-CS1214T-side.jpg,||,,simple,visible,Electronics>Speakers,#electronics|#jblspeaker|#speaker,5,"سبيكر جي بي إل باس تيوب",caronic,caronic,,5,66,33,33,,,taxable
39396,"JBL GT-BassPro12 Car","<p style=""text-align: left;""><strong>JBL GT-BassPro12 Car Sub-woofer
</strong>Frequency Response 35Hz-120Hz
Power Handling (RMS) 150W
Sensitivity 50mV – 4V (line-level input); 0.4V – 16V (speaker-level input)
Power Handling (Peak) 450W
Peak Power 450W
Amplifier Power 150 watts RMS; 450 watts max power
<strong>*For Installation Inquiries please contact customer support*</strong></p>
<p style=""text-align: left;"">The easiest way to add high-output, low-distortion bass to any car audio system is with the JBL® GT-BassPro12 – a powered sub-woofer that pumps out car-rocking bass through a design so cool you won’t want to hide it in your trunk. Simply put, it’s a complete sub-woofer system for your vehicle. Its patented Slipstream port design delivers deep, bottom-end bass while minimizing port noise. Its woofer features improved motor-structure venting for thermal protection and a progressive spider to ensure superior mechanical reliability even at the highest output levels. Its amplifier delivers maximum power and the flexibility to connect to any factory-installed or aftermarket head unit. And with the system’s included remote level control, which lets you adjust the bass level from the driver’s seat, the only time you’ll need to stop is for gas.</p>
<p style=""text-align: left;""><strong>General Specifications</strong>
Size 305mm; (12″)
Type Enclosed
<strong>Audio Specifications</strong>
Frequency Response 35Hz-120Hz
Power Handling (RMS) 150W
Sensitivity 50mV – 4V (line-level input); 0.4V – 16V (speaker-level input)
Power Handling (Peak) 450W
Peak Power 450W
Amplifier Power 150 watts RMS; 450 watts max power
Max Current Draw 13.5A
Idle Current Draw less than 500mA
Crossover Frequency 70Hz – 120Hz
Woofer Specifications
Crossover Slope 12dB</p>","<p style=""text-align: left;""><strong>Car Speaker</strong></p>",2019-03-02,product,https://loozaa.com/product/jbl-gt-basspro12-car-2/,0,,659,659,,instock,5,JBL,,,,https://loozaa.com/wp-content/uploads/2019/03/JBL-GT-BassPro12.jpg|https://loozaa.com/wp-content/uploads/2019/03/JBL-GT-BassPro12-copy.jpg,|,,simple,visible,"Car accessories لوازم السيارات>Car Speaker",#caraccessories|#carspeaker|#jblspeaker,5,"بيس للسيارات جي بي إل",caronic,caronic,,17.5,35.5,57,36,Virtually-Invisible-891|||||||||,,taxable
39410,"JBL GX-A604 Car Amplifier","<p style=""text-align: left;""><strong>JBL GX-A604 Car Amplifier</strong>
4 channels
full-range amplifier with electronic filter
variable Bass EQ on the back channels
<strong>*For Installation Inquiries please contact customer support*</strong></p>
<p style=""text-align: left;""><strong>Equipped with both low-level and high-level inputs</strong>
The GX-A604 is equipped with both low-level and high-level inputs, allowing connection to virtually any factory or aftermarket head unit. Low-level input is made via standard RCA connectors and high-level inputs made via a supplied Molex connector and harness.
<strong>Electronic crossover</strong>
The 12dB per octave electronic crossover is fixed at 80Hz and can be selected either high-pass or low-pass. This allows the GX-A602 can be used as a an amplifier to drive full-range speakers or as a subwoofer amplifier.
<strong>Bass Boost circuit</strong>
The GX-A602 also has an switchable bass boost circuit on the rear channels that adds a fixed at 45Hz and will provide+12dB of gain
<em><strong>Product specifications:</strong></em>
Number of Channels: 4 channels
4-Ohm Power Output: 60W rms x 4, &lt;1% THD+N
2-Ohm Power Output: 85W rms x 4, &lt;1% THD+N
Bridged Power Output: 170W x 2 into 4 ohms
Total Peak Power Output: 435W
Signal-to-Noise Ratio: 93dB (ref rated output @ 4 ohms)
Frequency Response: 20Hz−20kHz ±1dB
THD+N: &lt;1%
Input Sensitivity: 200mV−20V
Variable Bass Boost: 0 to +12dB @ 45Hz</p>","<p style=""text-align: left;""><strong>Car Amplifier</strong></p>",2019-03-02,product,https://loozaa.com/product/jbl-gx-a604-car-amplifier/,0,,370,370,,instock,5,JBL,,,,https://loozaa.com/wp-content/uploads/2019/03/JBL-GX-A604-side-2.jpg|https://loozaa.com/wp-content/uploads/2019/03/JBL-GX-A604-inlets-3.jpg|https://loozaa.com/wp-content/uploads/2019/03/JBL-GX-A604-2.jpg|https://loozaa.com/wp-content/uploads/2019/03/JBL-GX-A604-top-1.jpg,|||,,simple,visible,"Car accessories لوازم السيارات>Car Speaker>amplifier",#caraccessories|#caramplifier|#carspeaker,5,"أمبليفاير للسيارات جي بي إل",caronic,caronic,,2,8.4,33.6,5.6,Virtually-Invisible-891|||||||||,,taxable
39421,"Alpine BBX-T600 Car Amplifiers","<p style=""text-align: left;""><strong>Alpine BBX-T600 Car Amplifiers
</strong>*For Installation Inquiries please contact customer support*
2 Channel Amplifier – BBX-T600
This new BBX amplifier gives you Alpine power performance at an amazing price. And they’re designed to fit easily in virtually any system.
High Power, Great Value
This amp delivers high output power and exceptional performance for their class. A great way to expand your sound system on a limited budget.
High Pass and Low Pass Filters
These two filters let you set the frequency points for the high, mid and bass ranges to match your speakers and ensure optimum efficiency.
Bass EQ for Best Bass
Performance With Bass EQ, you can maximize the performance of your system and get even more powerful bass.
SPECIFICATIONS
Max Power Output Ratings
Total Max Power: 300W
RMS Power Ratings
Per Channel into 4ohms (≤1%THD+N): 2 x 50W
Per Channel into 2ohms (≤1%THD+N): 2 x 70W
Bridged into 4ohms (≤1%THD+N): 1 x 130W
Sound Tuning
Crossover Frequency (Variable, OFF/LPF/HPF Selectable)
1/2 Ch: LP: 50Hz – 250Hz HP: 80Hz – 1.2kHz
EQ (Equalizer): Bass EQ Fixed Frequency 45 Hz, Q=0.5, Variable Gain 0dB to +12dB
General
Power Requirements: 14.4 V DC (11 V to 16 V)
Input Sensitivity: 0.2 – 8.0 V
Frequency Response: 5 Hz – 50 kHz (+ 0,-3 dB)
Speaker Impedance: 4 or 2 Ω
Signal to Noise: S/N Ratio (IHF A Weighted, Reference: rated power into 4ohms) 95 dB</p>",,2019-03-02,product,https://loozaa.com/product/alpine-bbx-t600-car-amplifiers/,0,,319,319,,instock,5,Alphine,,,,https://loozaa.com/wp-content/uploads/2019/03/Alpine-BBX-T600-front-1.jpg|https://loozaa.com/wp-content/uploads/2019/03/Alpine-BBX-T600-back.jpg|https://loozaa.com/wp-content/uploads/2019/03/Alpine-BBX-T600-box.jpg,||,,simple,visible,"Car accessories لوازم السيارات>Car Speaker>amplifier|Electronics",#alphineamplifier|#caraccessories|#caramplifier,5,"أمبليفاير للسيارات ألباين",caronic,caronic,,1.9,25,5.2,24,Virtually-Invisible-891|||||||||,,taxable
39423,"JVC KS-AX3104 Car Amplifier","<p style=""text-align: left;""><strong>JVC KS-AX3104 Car Amplifier</strong>
Max. Power Output of 800W
Continuous Power Output: 60W x 4 at 4 ohms, 90W x 4 at 2 ohms, 150W x 2 at 4 ohms, Bridged
4-, 3-, or 2-Channel Operation
Class-AB Circuit
MOS-FET Power Supply
<strong>*For Installation Inquiries please contact customer support*</strong></p>
<p style=""text-align: left;"">DRVN Amplifiers are agressively designed and engineered to add bold looks and powerful sound to your vehicle. They feature small frame sizes with increased power output and are matched to work seamlessly with DRVN subwoofers and coaxial/component speakers. High power output with efficient operation means you don’t need to waste a lot of power to hear your music loud and clear.
<strong>SPECIFICATION</strong>
Frequency response: 5-50000 Hz
Channel Separation: Yes
Amplifier Class: A/B
60W RMS x 4 @ 4 Ohms
90W RMS x 4 @ 2 Ohms
150W RMS x 2 [Bridged] @ 4 Ohms
800W Max Power
4, 3, or 2 Channel operation
Class-AB circuit
MOS-FET power supply
MOS-FET Output Stage
Frequency response: 5 – 50,000Hz
Signal to Noise Ratio: 76dB
THD: Less than 0.04% at 4 ohms, 1kHz
Fixed high pass filter (150Hz, -12dB/oct)
Fixed low pass filter (80Hz, -12dB/oct)
Variable input RCA level control (0.3 – 6V)
Variable speaker input control (1.2 – 12V)
Nickel-plated RCA terminals
Nickel-plated power supply terminals
Nickel-plated speaker out terminals
Protection circuitry (thermal/short circuit/overload/DC offset)
Anti-Pop circuit</p>","<p style=""text-align: left;""><strong>Car </strong><b>Amplifier</b></p>",2019-03-02,product,https://loozaa.com/product/jvc-ks-ax3104-car-amplifier/,0,,280,280,,instock,5,jvc,,,,https://loozaa.com/wp-content/uploads/2019/03/JVC-KS-AX3104.jpg|https://loozaa.com/wp-content/uploads/2019/03/JVC-KS-AX3104-with-Box.jpg,|,,simple,visible,"Car accessories لوازم السيارات>Car Speaker>amplifier",#caraccessories|#caramplifier|#jvcamplifier,5,"أمبليفاير للسيارات جي في سي",caronic,caronic,,2,8.4,33.6,5.6,Virtually-Invisible-891|||||||||,,taxable
39439,"Infinity Harman Primus Sub-woofer","<p style=""text-align: left;""><strong>Infinity Harman PRIMUS 1200T Tube-type Sub-woofer
</strong><strong>Product description and Information</strong>
Looking for a more moving audio experience? Take Infinity car audio for a ride. Innovative materials and breakthrough engineering have always put Infinity products out in front of the competition. So expect extreme output from PRIMUS subs, but be prepared for accuracy and detail that may simply blow you away. The PRIMUS Series sub-woofers feature SSI™ (Selectable Smart Impedance), a HARMAN-exclusive impedance selector, that lets you choose a 2- or 4-ohm impedance at the flip of a switch. Our proprietary aero-cooling design keeps the voice coil cool while optimizing power handling and long term reliability. And, the acoustically damped glass-fibre cones have been engineered to minimize distortion and unwanted artifacts. More performance. More flexibility. You get both when you step up to a PRIMUS sub-woofer.
<strong>SPECIFICATIONS</strong>
Brand – Infinity By Harman
Model – PRIMUS 1200T
Item model number – PRIMUS 1200T
Speaker Connectivity – Wired
Wattage – 1200 Watts
Batteries Included – No
Mounting Depth – 60 cm
Height – 12 Inch
Width – 12 Inch
Shape – Tube
Nominal Output – RMS300 Watt</p>","<strong>Infinity Harman PRIMUS 1200T Tube-type Sub-woofer</strong>",2019-03-02,product,https://loozaa.com/product/infinity-harman-primus-sub-woofer/,0,,310,310,,instock,5,Infinity,,,,https://loozaa.com/wp-content/uploads/2019/03/Infinity-Harman-PRIMUS-1200T-1.jpg|https://loozaa.com/wp-content/uploads/2019/03/Infinity-Harman-PRIMUS-1200T-copy1.jpg|https://loozaa.com/wp-content/uploads/2019/03/Infinity-Harman-PRIMUS-1200T-copy2.jpg|https://loozaa.com/wp-content/uploads/2019/03/Infinity-Harman-PRIMUS-1200T-copy.jpg,|||,,simple,visible,"Car accessories لوازم السيارات>Car Speaker",#carspeaker|#infinitysubwooferspeaker,5,"سابووفر انفينيتي هارمان",caronic,caronic,,7,75.2,39.6,39.5,Virtually-Invisible-891|||||||||,,taxable
39440,"Kenwood Car Amplifier","<p style=""text-align: left;""><strong>Kenwood KSC-SW11 Car Amplifier</strong>
<strong>Key Features</strong>
150W peak power
Powered subwoofer
Aluminum Die-cast frame
Noise-less sound
Wired remote (Level/Freq./phase control)
Line(RCA) + speaker level input
<strong>*For Installation Inquiries please contact customer support*</strong></p>
<p style=""text-align: left;""><strong>Speaker Features</strong>
Speaker System Active subwoofer system
Peak Input Power 150W
Speaker Size 200 x 120 mm
Magnet Type Ferrit
Wired remote included Yes
Amplifier Included Built-in
Enclosure size (BxHxD) 190 x 70 x 280 mm
Enclosure net weight 2.8 kg
<strong>Amplifier Features</strong>
Maximum power output 150W
Low-pass Filter Yes
Phase inverter 0°(Normal) / 180°(Reverse) Yes
Power Indicator Yes
Line in RCA
Speaker level Input Yes
Chassis Aluminum Die-cast
DC cable Supplied Yes
Speaker/woofer Specifications
Peak Input Power 150W
Speaker Basket Steel
Speaker Surround Rubber
Amplifier-Specifications
Maximum power output (4Ω) 150W x 1
Low-pass Filter 50~125 Hz
Frequency response (+0dB, -3dB) 35Hz ~ 150Hz
Operating voltage 14.4V (11V ～ 16V allowable)
Maximum current consumption 8.5A</p>","Car Amplifier",2019-03-02,product,https://loozaa.com/product/kenwood-car-amplifier/,0,,590,590,,instock,5,keenwood,,,,https://loozaa.com/wp-content/uploads/2019/03/Kenwood-KSC-SW11.jpg|https://loozaa.com/wp-content/uploads/2019/03/Kenwood-KSC-SW11-box.jpg,|,,simple,visible,"Car accessories لوازم السيارات>Car Speaker>amplifier",#amplifierkeenwood|#caraccessories,5,"أمبليفاير للسيارات كينوود",caronic,caronic,,2,8.4,33.6,5.6,Virtually-Invisible-891|||||||||,,taxable
39449,"Infinity KAPPA  Sub-woofer","<p style=""text-align: left;""><strong>Infinity KAPPA 1000w Kappa Series 10″ Sub-woofer
</strong>Whats in the box
1 x subwoofer
1 x foam mounting gasket
1 x [3mm] hex wrench
Owner’s manual
General Specifications
Frequency Response30Hz – 175Hz
Audio Specifications
Frequency Response30Hz – 175Hz
Dimensions
Voice Coil Diameter2″ (51mm)
*For Installation Inquiries please contact customer support*
<strong>SSI™ (Selectable Smart Impedance)</strong>
Most car audio system designs call for 2- or 4-ohm impedance. Kappa Series sub-woofers put the choice in your hands. A proprietary HARMAN technology, SSI lets you reconfigure your system by simply flipping a switch.
<strong>Aero-cooled voice coil</strong>
The Kappa Series voice coil employs a two-sided, ducted airflow design that cools the voice coil, increases power handling and improves reliability. This aero-cooling design is unique among aftermarket sub-woofers.
<strong>Acoustically damped glass-fiber cone</strong>
Kappa sub-woofer cones incorporate glass-fibers for exceptional accuracy and detail. Inherently no resonant, the glass-fiber cones eliminates distortion so your music—and nothing but your music— comes through loud and clear.
<strong>Premium screw-down terminals</strong>
Power is the lifeblood of any sub-woofer. The terminals on the Kappa sub-woofers accommodate up to 8-gauge wire (8.37mm 2 cross section), which transfers low-resistance, low-loss power to the woofer, even over long wire runs.</p>","<strong>Infinity KAPPA 1000w Kappa Series 10″ Sub-woofer</strong>",2019-03-02,product,https://loozaa.com/product/infinity-kappa-kappa/,0,,380,380,,instock,5,Infinity,,,,https://loozaa.com/wp-content/uploads/2019/03/Infinity-KAPPA-1000w-1-2.jpg|https://loozaa.com/wp-content/uploads/2019/03/Infinity-KAPPA-1000w-1-1.jpg|https://loozaa.com/wp-content/uploads/2019/03/Infinity-KAPPA-1000w-2-1.jpg|https://loozaa.com/wp-content/uploads/2019/03/Infinity-KAPPA-1000w-2.jpg|https://loozaa.com/wp-content/uploads/2019/03/Infinity-KAPPA-1000w-1.jpg,||||,,simple,visible,"Car accessories لوازم السيارات>Car Speaker",#carspeaker|#infinityspeaker,5,"سابووفر انفينيتي كابا",caronic,caronic,,5.03,24.13,10.16,27.94,Virtually-Invisible-891|||||||||,,taxable
39486,"Sheikh Sultan Al Qasimi, 75 ml","<p style=""text-align: left;""><strong>The fragrance of Sheikh Sultan Al Qasimi
</strong>This product is originally from Binradwan Gallery. The Fragrance of Sheikh Sultan Al Qasimi is composed of Oud blend for unforgettable Italian scent.
Nafhat Bdhn Oud Aitali from #Reflection</p>","<strong>Oud Blend</strong>",2019-03-03,product,https://loozaa.com/product/sheikh-sultan-al-qasimi-75-ml/,0,,55,550,55,instock,457,,,,,https://loozaa.com/wp-content/uploads/2019/03/Sheikh.jpg,,,simple,visible,"Uncategorized>HomeDokhoonSection|Dokhoon دخون>Oud                                     عود",#binradwan|#hawamiraloud|#italianscent|#Oud|#oudlblend|#sheikhsultanalqasimi,457,"عطر الشيخ سلطان القاسمي",HawamirAlOud,HawamirAlOud,HawamirAlOud,,,,,|||||||||||,,taxable
39489,"Sheikh Ammar, 75 ml","<p style=""text-align: left;""><strong>Sheikh Ammar, 75 ml
</strong>This product is originally from Binradwan Gallery. The Fragrance of Sheikh Ammar is composed of Oud blend for unforgettable Italian scent.
Nafhat Bdhn Oud Aitali from #Reflection</p>","<strong>Oud Blend</strong>",2019-03-03,product,https://loozaa.com/product/sheikh-ammar-75-ml/,0,,55,550,55,instock,470,,,,,https://loozaa.com/wp-content/uploads/2019/03/ammar.jpg,,,simple,visible,"Uncategorized>HomeDokhoonSection|Dokhoon دخون>Oud                                     عود",#binradwan|#hawamiraloud|#italianscent|#Oud|#oudlblend|#sheikhammar,470,"عطر الشيخ عمار",HawamirAlOud,HawamirAlOud,HawamirAlOud,,,,,|||||||||||,,taxable
39493,"Sheikh Saud, 75 ml","<p style=""text-align: left;""><strong>Sheikh Saud, 75 ml
</strong>This product is originally from Binradwan Gallery. The Fragrance of Sheikh Saud is composed of Oud blend for unforgettable Italian scent.
Nafhat Bdhn Oud Aitali from #Reflection</p>","<strong>Oud Blend</strong>",2019-03-03,product,https://loozaa.com/product/sheikh-saud-75-ml/,0,,55,550,55,instock,471,,,,,https://loozaa.com/wp-content/uploads/2019/03/Saud.jpg,,,simple,visible,"Uncategorized>HomeDokhoonSection|Dokhoon دخون>Oud                                     عود",#binradwan|#hawamiraloud|#italianscent|#Oud|#oudlblend|#sheiksaud,471,"عطر الشيخ سعود",HawamirAlOud,HawamirAlOud,HawamirAlOud,,,,,|||||||||||,,taxable
39496,"Sheikh Hamid, 75 ml","<p style=""text-align: left;""><strong>Sheikh Hamid, 75 ml
</strong>This product is originally from Binradwan Gallery. The Fragrance of Sheikh Hamid is composed of Oud blend for unforgettable Italian scent.
Nafhat Bdhn Oud Aitali from #Reflection</p>","<strong>Oud Blend</strong>",2019-03-03,product,https://loozaa.com/product/sheikh-hamid-75-ml/,0,,55,550,55,instock,451,,,,,https://loozaa.com/wp-content/uploads/2019/03/hamid.jpg,,,simple,visible,"Uncategorized>HomeDokhoonSection|Dokhoon دخون>Oud                                     عود",#binradwan|#hawamiraloud|#italianscent|#Oud|#oudlblend|#sheiksaud,451,"عطر الشيخ حميد",HawamirAlOud,HawamirAlOud,HawamirAlOud,,,,,|||||||||||,,taxable
39499,"The Perfume of His Highness, 75ml","<p style=""text-align: left;""><strong>The Perfume of His Highness, 75 ml
</strong>This product is originally from Binradwan Gallery. The Fragrance of Highness is composed of Oud blend for unforgettable Italian scent.
Nafhat Bdhn Oud Aitali from #Reflection</p>","<strong>Oud Blend</strong>",2019-03-03,product,https://loozaa.com/product/the-perfume-of-his-highness-75ml/,0,,55,550,55,instock,446,,,,,https://loozaa.com/wp-content/uploads/2019/03/highness.jpg,,,simple,visible,"Dokhoon دخون>Oud                                     عود",#binradwan|#hawamiraloud|#hishighness|#italianscent|#Oud|#oudlblend,446,"عطر صاحب السمو",HawamirAlOud,HawamirAlOud,HawamirAlOud,,,,,|||||||||||,,taxable
39502,"Sheikha Jawahar, 75ml","<p style=""text-align: left;""><strong>Sheikha Jawahar, 75ml </strong>
This product is originally from Binradwan Gallery. The Fragrance of Sheikha Jawaher is composed of Oud blend for unforgettable Italian scent.
Nfhat Bdhan A special oud from the # mix of return</p>

<div class=""col-sm-4"">
<div class=""btn-group""></div>
</div>","<strong>Oud Blend</strong>",2019-03-03,product,https://loozaa.com/product/sheikha-jawahar-75ml/,0,,55,550,55,instock,468,,,,,https://loozaa.com/wp-content/uploads/2019/03/Jawaher.jpg,,,simple,visible,"Dokhoon دخون>Oud                                     عود",#binradwan|#hawamiraloud|#italianscent|#Oud|#oudlblend|#sheikhajawahar,468,"عطر الشيخة جواهر",HawamirAlOud,HawamirAlOud,HawamirAlOud,,,,,|||||||||||,,taxable
39510,"Infinity KAPPA 3-way Speaker","<p style=""text-align: left;""><strong>Infinity KAPPA 693.11i 3-way Speaker
Features</strong>
25 – 300 watts suggested amplifier power range
Infinity engineers designed the Kappa 682.11cf coaxial speaker to produce bold, clean sound from a head-unit or amplifier capable of delivering up to 300 watts of power. This makes the Kappa 682.11cf an ideal upgraded coaxial speaker for systems powered with head-unit or factory amplifier power. They also handle the requisite power from aftermarket amplifiers that are part of very high-fidelity aftermarket upgrades. Remember, great power-handling specifications increase reliability over the lifetime of the speaker, and that means that you’ll be enjoying the Kappa Series for many musical years.
<strong>Injected Carbon Glass Matrix (iCGM) frames</strong>
Kappa automotive speakers benefit from light and strong composite Injected Carbon Glass Matrix (iCGM) frames. Kappa Series speakers resist the environmental extremes that a moving car can encounter. They offer superior rigidity, even when mounted on uneven surfaces (common in car mounting locations), plus exceptional damping of any resonances.
<strong>Vented motor assembly</strong>
The Infinity Kappa 682.11cf coaxial speakers feature a vented motor assembly to let the voice coil breathe. It reduces the probability of power compression with systems playing loud over a long period of time. It means an efficient use of amplifier power so that all the power delivered to the speaker is directed to the voice coil and not wasted as residual heat.
<strong>Plus One woofer-cone technology</strong>
The Plus One cone on the Kappa series provides more overall speaker-cone than others in its class. With an effective increase in cone area, the speaker radiates more air. Also, the carbon-injected cone material produces a lighter and stiffer cone. The result is a better low-frequency response and a greater ability to make those important, nearly tangible musical notes that people often associate with a larger speaker size.
General Specifications
Type6″ x 9″ Three-Way Loudspeaker
Size6″ x 9″
<strong>Audio Specifications</strong>
Frequency Response – 40Hz – 25kHz
Peak Power – 300W
Power Handling (RMS) – 100W
Nominal Impedance – 2 ohms
Sensitivity – (2.83V/1m): 94dB
<strong>Dimensions</strong>
Height (in)6-11/16″
Width (in)9-1/2″
Depth (in)4″
Mounting Height (in)5-3/4″
Mounting Width (in)8-5/8″
Mounting Depth (in)3-3/16″</p>","<strong>Infinity KAPPA 693.11i 3-way Speaker</strong>",2019-03-03,product,https://loozaa.com/product/infinity-kappa-3-way-speaker/,0,,489,489,,instock,5,Infinity,,,,https://loozaa.com/wp-content/uploads/2019/03/Infinity-KAPPA-693.11i-1.jpg,,,simple,visible,"Car accessories لوازم السيارات>Car Speaker",#carspeaker|#infinityspeaker,5,"سبيكر انفينيتي كابا",caronic,caronic,,5,10.16,24,27.94,||Virtually-Invisible-691|||||||,,taxable
39511,"Sheikh Hind, 75ml","<p style=""text-align: left;""><strong>Sheikh Hind, 75ml </strong>
This product is originally from Binradwan Gallery. The Fragrance of Sheikha Hind is composed of Oud blend for unforgettable Italian scent.
The tenderness of the tenderness of the #combination of return</p>

<div class=""col-sm-4"">
<div class=""btn-group""></div>
</div>
<div class=""col-sm-4"">
<div class=""btn-group""></div>
</div>","<strong>Oud Blend</strong>",2019-03-03,product,https://loozaa.com/product/sheikh-hind-75ml/,0,,55,550,55,instock,454,,,,,https://loozaa.com/wp-content/uploads/2019/03/hind.jpg,,,simple,visible,"Dokhoon دخون>Oud                                     عود",#binradwan|#hawamiraloud|#italianscent|#Oud|#oudlblend|#sheikhajawahar,454,"عطر الشيخة هند",HawamirAlOud,HawamirAlOud,HawamirAlOud,,,,,|||||||||||,,taxable
39516,"Infinity Primus  Audio Speakers","<p style=""text-align: left;""><strong>INFINITY PRIMUS PR6510cs Audio Speakers
</strong>*For Installation Inquiries please contact customer support*
Product description
Looking for a more moving audio experience? Take Infinity car audio for a ride. Innovative materials and breakthrough engineering have always put Infinity products out in front of the competition. So expect extreme output from PRIMUS subs, but be prepared for accuracy and detail that may simply blow you away. The PRIMUS Series sub-woofers feature SSI™ (Selectable Smart Impedance), a HARMAN-exclusive impedance selector, that lets you choose a 2- or 4-ohm impedance at the flip of a switch. Our proprietary aero-cooling design keeps the voice coil cool while optimizing power handling and long term reliability. And, the acoustically damped glass-fibre cones have been engineered to minimize distortion and unwanted artifacts. More performance. More flexibility. You get both when you step up to a PRIMUS sub woofer.
<strong>Product information</strong>
<strong>Technical Details</strong>
Brand Infinity By Harman
Model PRIMUS 1200T
Item model number PRIMUS 1200T
Operating System N.A.
Speaker Connectivity Wired
Wattage 1200 Watts
Batteries Included No</p>","<strong>INFINITY PRIMUS PR6510cs Audio Speakers</strong>",2019-03-03,product,https://loozaa.com/product/infinity-primus-audio-speakers/,0,,305,305,,instock,5,Infinity,,,,https://loozaa.com/wp-content/uploads/2019/03/Infinity-PR6510cs-Primus-copy3.jpg|https://loozaa.com/wp-content/uploads/2019/03/Infinity-PR6510cs-Primus-copy2.jpg|https://loozaa.com/wp-content/uploads/2019/03/Infinity-PR6510cs-Primus-copy1.jpg|https://loozaa.com/wp-content/uploads/2019/03/Infinity-PR6510cs-Primus-copy.jpg|https://loozaa.com/wp-content/uploads/2019/03/Infinity-PR6510cs-Primus.jpg,||||,,simple,visible,"Car accessories لوازم السيارات>Car Speaker",#carspeaker|#infinityspeaker|audiospeaker,5,"سبيكر إنفينيتي برايموس",caronic,caronic,,7,75.2,39.6,39.5,||Virtually-Invisible-691|||||||,,taxable
39527,"Sheikha Bedour, 75ml","<p style=""text-align: left;""><strong>Sheikha Bedour, 75ml</strong>
This product is originally from Binradwan Gallery. The Fragrance of Sheikha Bedour is composed of Oud blend for unforgettable Italian scent.
The tenderness of the tenderness of the #combination of return</p>

<div class=""col-sm-4"">
<div class=""btn-group""></div>
</div>
<div class=""col-sm-4"">
<div class=""btn-group""></div>
</div>","<strong>Oud Blend</strong>",2019-03-03,product,https://loozaa.com/product/sheikha-bedour-75ml/,0,,55,550,55,instock,473,,,,,https://loozaa.com/wp-content/uploads/2019/03/bedour.jpg,,,simple,visible,"Dokhoon دخون>Oud                                     عود",#binradwan|#hawamiraloud|#italianscent|#Oud|#oudlblend|#sheikhabedour,473,"عطر الشيخة بدور",HawamirAlOud,HawamirAlOud,HawamirAlOud,,,,,||||||||||,,taxable
39539,"GENTININI Perfume 75ml","<p style=""text-align: left;""><strong>GENTININI Perfume</strong></p>","<strong>GENTININI Perfume</strong>",2019-03-03,product,https://loozaa.com/product/gentinini-perfume/,0,,55,550,55,instock,5,,,,,https://loozaa.com/wp-content/uploads/2019/03/IMG-20190217-WA0007-500x500.jpg,,,simple,visible,"Dokhoon دخون>Oud                                     عود|Perfumes عطور",#gentininiperfume|#Oud|italianperfume|Perfume|woemenperfume,5,"عطر جننتيني",HawamirAlOud,HawamirAlOud,HawamirAlOud,,,,,||||||||||,,taxable
39560,"Perfume Yarn 75ml","<p style=""text-align: left;""><strong>Perfume Yarn</strong></p>","<p style=""text-align: left;""><strong>Perfumes</strong></p>",2019-03-03,product,https://loozaa.com/product/perfume-yarn-75ml/,0,,55,550,55,instock,472,,,,,https://loozaa.com/wp-content/uploads/2019/03/IMG-20190217-WA0009-500x500.jpg,,,simple,visible,"Dokhoon دخون>Oud                                     عود",#italianscent|#Oud|#oudlblend|#perfumeyarn,472,"عطر غزل",HawamirAlOud,HawamirAlOud,HawamirAlOud,,,,,||||||||||,,taxable
39563,"Anani Perfume 75ml","<p style=""text-align: left;""><strong>Anani perfume</strong></p>","<strong>Anani perfume</strong>",2019-03-03,product,https://loozaa.com/product/anani-perfume/,0,,55,550,55,instock,467,,,,,https://loozaa.com/wp-content/uploads/2019/03/IMG-20190217-WA0010-500x500.jpg,,,simple,visible,"Dokhoon دخون>Oud                                     عود|Mens Wear للرجال فقط>Perfumes                        عطور",#Oud|ananiperfume|italianperfume|mensaperfume,467,"عطر بن الأناني",HawamirAlOud,HawamirAlOud,HawamirAlOud,,,,,||||||||||,,taxable
39574,"Ben Radwan perfume 75ml","<p style=""text-align: left;""><strong>Ben Radwan perfume</strong></p>","<p style=""text-align: left;""><strong>Perfumes</strong></p>",2019-03-03,product,https://loozaa.com/product/ben-radwan-perfume-75ml/,0,,55,550,55,instock,478,,,,,https://loozaa.com/wp-content/uploads/2019/03/IMG-20190217-WA0008-500x500.jpg,,,simple,visible,"Dokhoon دخون>Oud                                     عود",#benradwan|#oudblend|Perfumes,478,"عطر بن رضوان",HawamirAlOud,HawamirAlOud,HawamirAlOud,,,,,||||||||||,,taxable
40055,"Embroidered ladies pants",<strong>Pants</strong>,"Colored Pants",2019-03-04,product,https://loozaa.com/product/pants/,0,,,,,instock,,,,,,https://loozaa.com/wp-content/uploads/2019/03/4.jpg|https://loozaa.com/wp-content/uploads/2019/03/5.jpg|https://loozaa.com/wp-content/uploads/2019/03/6.jpg|https://loozaa.com/wp-content/uploads/2019/03/7.jpg|https://loozaa.com/wp-content/uploads/2019/03/8.jpg,||||,,simple,visible,Uncategorized,#coloful|#coloredpants|#pants|ladieswear,,,MuscatShop,Muscat,Shop,,,,,,,taxable
40099,"Embroidered ladies pants",<strong>Pants</strong>,"Colored Pants",2019-03-04,product,https://loozaa.com/product/pants-3/,0,,,,,instock,,,,,,https://loozaa.com/wp-content/uploads/2019/03/6.jpg,,,simple,visible,Uncategorized,#coloful|#coloredpants|#pants|ladieswear,,,MuscatShop,Muscat,Shop,,,,,,,taxable
40101,"Embroidered ladies pants",<strong>Pants</strong>,"Colored Pants",2019-03-04,product,https://loozaa.com/product/pants-2/,0,,,,,instock,,,,,,https://loozaa.com/wp-content/uploads/2019/03/4.jpg,,,simple,visible,Uncategorized,#coloful|#coloredpants|#pants|ladieswear,,,MuscatShop,Muscat,Shop,,,,,,,taxable
40103,"Embroidered ladies pants","Embroidered ladies pants","Colored Pants",2019-03-04,product,https://loozaa.com/product/pants-4/,0,,,,,instock,,,,,,https://loozaa.com/wp-content/uploads/2019/03/8.jpg,,,simple,visible,Uncategorized,#coloful|#coloredpants|#pants|ladieswear,,,MuscatShop,Muscat,Shop,,,,,,,taxable
40104,"Embroidered ladies pants","Embroidered ladies pants","Colored Pants",2019-03-04,product,https://loozaa.com/product/embroidered-ladies-pants/,0,,,,,instock,,,,,,https://loozaa.com/wp-content/uploads/2019/03/1.jpg,,,simple,visible,Uncategorized,#coloful|#coloredpants|#pants|ladieswear,,,MuscatShop,Muscat,Shop,,,,,,,taxable
40119,"Embroidered ladies pants","Embroidered ladies pants","Colored Pants",2019-03-04,product,https://loozaa.com/product/embroidered-ladies-pants-2/,0,,,,,instock,,,,,,https://loozaa.com/wp-content/uploads/2019/03/2.jpg,,,simple,visible,Uncategorized,#coloful|#coloredpants|#pants|ladieswear,,,MuscatShop,Muscat,Shop,,,,,,,taxable
40126,"Ladies Tally Pants","<p style=""text-align: left;"">Ladies Tally Pants
This ladies embroidered tally pants is made of high-end quality cotton for added comfort.</p>","Colored Pants",2019-03-04,product,https://loozaa.com/product/embroidered-ladies-pants-3/,0,,23,23,,instock,5,,,,,https://loozaa.com/wp-content/uploads/2019/03/3.jpg,,,simple,visible,"Uncategorized>homepageladiessection|Ladies wear سيدتي الجميلة>Pants",#coloful|#coloredpants|#pants|ladieswear,5,,MuscatShop,Muscat,Shop,,,,,,,taxable
40134,"Embroidered ladies pants","Embroidered ladies pants","Colored Pants",2019-03-04,product,https://loozaa.com/product/embroidered-ladies-pants-4/,0,,,,,instock,,,,,,https://loozaa.com/wp-content/uploads/2019/03/9.jpg,,,simple,visible,Uncategorized,#coloful|#coloredpants|#pants|ladieswear,,,MuscatShop,Muscat,Shop,,,,,,,taxable
40214,"Mi Band 3 CN","<p style=""text-align: left;""><strong>Mi Band 3 CN
</strong>The Xiaomi Mi Sport Band 3 boasts of its simple design and large 0.78inch screen. It displays various important notifications, while also letting you receive or reject calls conveniently. Stay fit and healthy by tracking most important data about your health with the heart rate sensor, sleep quality tracking, and idle alert. This Xiaomi fitness band provides information about daily step count, thereby motivating you to stay healthy. With up to 20 days of battery life, this Mi Sport Band 3 lets you focus more on your fitness and less on charging. Also, this Xiaomi fitness band tracks down information in real time so that you stay updated with the valuable data. With its 50m water resistance rating, you can carry it conveniently to places such as beaches and poolside without any worries. Set the alarms or event reminders so that you don’t miss out on anything important. It is compatible with most Android smartphones and unlocks instantly in their presence. The secure design of this Xiaomi fitness tracker lets it rest beautifully over your wrist. Also, it provides notification when you reach your set goals, thereby keeping you motivated for more.</p>","<strong>Smart Watches</strong>",2019-03-04,product,https://loozaa.com/product/mi-band-3-cn/,0,MI-B3-GLB-1,95,95,,instock,5,MI,,,,https://loozaa.com/wp-content/uploads/2019/03/item_XXL_37029466_144657678-1.jpg|https://loozaa.com/wp-content/uploads/2019/03/item_XXL_37029466_144657676-1.jpg|https://loozaa.com/wp-content/uploads/2019/03/item_XXL_37029466_144657678-1-1.jpg,||,,simple,visible,"Uncategorized>HomeUnisexAccessories|Gift هدايا>Watches                       ساعات>Smart Watch",#black|#mi|#smartwatches|#watch,5,"ساعة ذكية للياقة Mi Band 3",HyperPhoneLLC,HyperPhone,HyperPhone,,,,,,,taxable
40220,"Embroidered ladies pants","Embroidered ladies pants","Colored Pants",2019-03-04,product,https://loozaa.com/product/embroidered-ladies-pants-5/,0,,,,,instock,,,,,,https://loozaa.com/wp-content/uploads/2019/03/10.jpg,,,simple,visible,Uncategorized,#coloful|#coloredpants|#pants|ladieswear,,,MuscatShop,Muscat,Shop,,,,,,,taxable
40237,"Electric Recovery Winch","<p style=""text-align: left;""><strong>6000lb Electric Recovery Winch Truck SUV Trailer Wireless Remote
</strong><strong>Description:</strong>
Afraid to be stuck? With this powerful electronic winch, you need never worry about it.
This winch is with 6000 Lbs capacity, and the heavy internal components make this design more than durable yet extremely affordable.
Powerful Horse Power, Extra Fast Speed, and Compact Design make this winch a must-have for recovery applications.
<strong>Features:</strong>
Efficient Three-stage Planetary Gear Train helps to offer powerful horsepower
4-Way Roller Fair-lead to guide the rope onto the drum evenly
Free spooling clutch allows the wire rope to be pulled out without using electric power
Corded remote controller with power in and power out functions
Free Cordless Remote controller
Automatic braking in the drum will lock the wire rope and stop pulling when you release button on the switch.
<strong>Note:</strong>
To ensure that you choose a winch with enough power for your truck or SUV, use this easy formula: gross vehicle weight x 1.5 = minimum winch size.
<strong>Specifications:
</strong>Single line rated pull:<strong> 6,000lbs</strong>
Motor:4.0 kw
Gear train:3 Stage Planetary
Gear reduction ratio: 198:1
Clutch: Sliding Ring Gear
Braking Action: Automatic In-The-Drum
Cable: 49.2ft of 6.5mm diameter
Fair-lead: 4-Way Roller Fair-lead</p>","<p class=""product_title entry-title show-product-nav""><strong>Electric Recovery Winch</strong></p>",2019-03-04,product,https://loozaa.com/product/electric-recovery-winch-3/,0,,1020,1020,,instock,4,,,,,https://loozaa.com/wp-content/uploads/2019/03/winch6000lb-side.jpg|https://loozaa.com/wp-content/uploads/2019/03/winch-6000lb-side.jpg|https://loozaa.com/wp-content/uploads/2019/03/winch-6000lb.jpg,||,,simple,visible,"Uncategorized>homecaracessories|recovery winch",#automechanicaltools|#electricrecovery|#tools|#winch,4,"ونش الكتروني",caronic,caronic,,12.4,38.1,12.5,11.5,,,taxable
40238,"Embroidered ladies pants","Embroidered ladies pants","Colored Pants",2019-03-04,product,https://loozaa.com/product/embroidered-ladies-pants-6/,0,,,,,instock,,,,,,https://loozaa.com/wp-content/uploads/2019/03/11.jpg,,,simple,visible,Uncategorized,#coloful|#coloredpants|#pants|ladieswear,,,MuscatShop,Muscat,Shop,,,,,,,taxable
40263,"Huawei Watch 2 Sports","<p style=""text-align: left;""><strong>Huawei Watch 2 Sports 4G
</strong>The Huawei Watch2 is perfect modern day smartwatch with its various exciting and unique features. With the Qualcomm Snapdragon 2100 chipset, this smartwatch is set to deliver high performance consistently. The Android Wear 2.0 operating system provides you with more sensor options than ever before. Connecting this smartwatch to any device is fast and easy, thanks to the Bluetooth 4.1. With a powerful heart rate sensor, you can keep track of the current condition of the heart. The Corning Gorilla glass protects the smartwatch from any damage in case it takes a tumble. The strap of this smartwatch is smooth on the skin. The smartwatch has been designed especially for sports enthusiasts and for people who want to improve their fitness levels. The black color adds to the beauty of your smartwatch.</p>","<strong>Smart Watch</strong>",2019-03-04,product,https://loozaa.com/product/huawei-watch-2-sports/,0,"U: HUW-WATCH2-4GSPORT-BLK",749,1299,749,instock,5,Huawei,,,,https://loozaa.com/wp-content/uploads/2019/03/Huawei-Watch-2-4G-03.jpg|https://loozaa.com/wp-content/uploads/2019/03/Huawei-Watch-2-4G-01.jpg|https://loozaa.com/wp-content/uploads/2019/03/Huawei-Watch-2-4G-02.jpg|https://loozaa.com/wp-content/uploads/2019/03/Huawei-Watch-2-4G-05.jpg|https://loozaa.com/wp-content/uploads/2019/03/Huawei-Watch-2-4G-06.jpg,||||,,simple,visible,"Uncategorized>HomeUnisexAccessories|Gift هدايا>Watches                       ساعات>Smart Watch",#huaweiwatch|#smartwatch|#watch|#watchcollection|#watches,5,"ساعة هواوي ذكية للياقة",HyperPhoneLLC,HyperPhone,HyperPhone,,,,,,,taxable
40275,"Duster Car Cleaner","<p style=""text-align: left;""><strong>Duster Car Cleaner
</strong>REMOVES DUST WITH NO LINT LEFT BEHIND – Great for interior or exterior use! Car, Motorcycle, RV or Home!
The superfine microfiber duster collects dust from cars, trucks, and boats completely. This car dusting brush doesn’t push dust around but actually lifts it off. A specially extended handle can reach difficult area like car roof and dashboard corners</p>
<p style=""text-align: left;""><strong> </strong></p>","<strong>Car Dust Cleaner</strong>",2019-03-04,product,https://loozaa.com/product/duster-car-cleaner/,0,,15,15,,instock,5,,,,,https://loozaa.com/wp-content/uploads/2019/03/carduster.jpg,,,simple,visible,"Car accessories لوازم السيارات>Interior>Car Cleaner|Uncategorized>homecaracessories",#cardustcleaner|#cleaner|#dustcleaner|carcleaner,5,"منفضة غبار للسيارات",caronic,caronic,,0.20,,,,,,taxable
40283,"Embroidered ladies pants","Embroidered ladies pants","Colored Pants",2019-03-04,product,https://loozaa.com/product/embroidered-ladies-pants-7/,0,,,,,instock,,,,,,https://loozaa.com/wp-content/uploads/2019/03/11.jpg|https://loozaa.com/wp-content/uploads/2019/03/12.jpg,|,,simple,visible,Uncategorized,#coloful|#coloredpants|#pants|ladieswear,,,MuscatShop,Muscat,Shop,,,,,,,taxable
40335,"Smart watch + i7 headphone","<p style=""text-align: left;"">Smart watch + i7 headphone</p>
<p style=""text-align: left;""><strong>Smart watch
</strong>FeaturesFunction: SIM Card support, Memory card support , Permanent Calendar, Answer Call, Week, Dial Call, Alarm Clock, Month, Push Message, Passometer, Message Reminder, Sleep Tracker,Call Reminder
Band Material: Adhesive Tape
APP Download Available: Yes
Language: French,Italian,Russian,Spanish,Polish,Portuguese,Turkish,English,German
Battery Capacity: 300-450mAh
Style: Fashion
Screen Size: 1.54
Screen Shape: Square
Network Mode: 2G
Battery Detachable: Yes</p>
<p style=""text-align: left;""><strong>i7 headphone</strong> Features</p>

<ul class=""generatedBullets"">
 	<li style=""text-align: left;"">Wireless version : V4.1 + EDR .</li>
 	<li style=""text-align: left;"">Support agreement : A2DP1.3 / HFP1.6 HSP1.2 / AVRCP1.6 / D11.3 .</li>
 	<li style=""text-align: left;"">Bluetooth frequency : 2.4GHZ .</li>
 	<li style=""text-align: left;"">Bluetooth transmission distance : 33 feet or 10 meters in clear space .</li>
 	<li style=""text-align: left;"">Battery Capacity : 50 MAH rechargeable battery .</li>
 	<li style=""text-align: left;"">Playing time : 3-4 hours .</li>
 	<li style=""text-align: left;"">Charging time : 1-2 hours .</li>
 	<li style=""text-align: left;"">Standby time : 120 hours .</li>
 	<li style=""text-align: left;"">In the pairing state , double – click multi-function button .
After the switch is successful , there will be prompt , and the voice cycle can be switched .</li>
</ul>","<strong>Combo Offers</strong>",2019-03-04,product,https://loozaa.com/product/smart-watch-i7-headphone/,0,,59,248,59,instock,10,,,,,https://loozaa.com/wp-content/uploads/2019/03/combo.jpg|https://loozaa.com/wp-content/uploads/2019/03/bakeey-X6-d.jpg|https://loozaa.com/wp-content/uploads/2019/03/bakeey-X6-e.jpg|https://loozaa.com/wp-content/uploads/2019/03/v4-1-plus-edr-1-1.jpg|https://loozaa.com/wp-content/uploads/2019/03/bakeey-X6-b.jpg|https://loozaa.com/wp-content/uploads/2019/03/v4-1-plus-edr-5-2.jpg|https://loozaa.com/wp-content/uploads/2019/03/v4-1-plus-edr-3-1.jpg|https://loozaa.com/wp-content/uploads/2019/03/bakeey-X6-c.jpg,|||||||,,simple,visible,"Uncategorized>HomeUnisexAccessories|Gift هدايا>Watches                       ساعات>Smart Watch",#black|#mi|#smartwatches|#watch,10,"ساعة ذكية مع سماعات بودز",HyperPhoneLLC,HyperPhone,HyperPhone,,,,,,,taxable
40435,"Ladies Tally Pants","Ladies Tally Pants
This product is made of high end quality cotton for added for comfort.","<strong>Colored Pants</strong>",2019-03-04,product,https://loozaa.com/product/embroidered-ladies-pants-8/,0,,23,23,,instock,5,,,,,https://loozaa.com/wp-content/uploads/2019/03/2-2.jpg|https://loozaa.com/wp-content/uploads/2019/03/13.jpg,|,,simple,visible,"Uncategorized>homepageladiessection|Ladies wear سيدتي الجميلة>Pants",#coloful|#coloredpants|#pants|ladieswear,5,,MuscatShop,Muscat,Shop,,,,,,,taxable
40461,"Honor Band 4","<p style=""text-align: left;""><strong>Honor Band 4 (Black)</strong></p>
<p style=""text-align: left;"">MAIN FEATURES:
Touchscreen:0.95 inch AMOLED touch display
System: BT 4.2 LE, Compatible with Android 4.4 (and above) or iOS 9.0 (and above)
Sports: Pedometer, Sleep tracker, Exercise tracker, Sedentary reminder, Swing Angle
Sensor: 6-axis sensors; infrared wearing detection sensor,PPG Heart rate sensor
Call remind: Call and Message notification, Incoming call mute function
Waterproof: Water and dust resistant (50 meter / 5 ATM)(just for swimming and daily use)
Battery: 100mAh battery with up to 20 days standby
Remote Control selfie: Only for Huawei mobile phones with EMUI8.1 and above.
<strong>SPECIFICATIONS:</strong>
Brand: Honor
Type: Smart Band 4 Standard Version
Screen size: 0.95-inch AMOLED Touchscreen
Battery Capacity: 100mAh
Band Material: Silicone
Safety Protection: 50 meters waterproof
BT: 4.2
Sensor: 6 axis acceleration sensor, infrared wearing detection sensor, PPG Heart rate sensor
Support System: Android 4.4/iOS 9.0 and above.
Sizes: Approx. 43mm x 17.2 mm x 11.5 mm (body size); Approx. 126 mm + 95 mm (wristband length)
Package size: Approx. 18*9*3.4cm/0.63*0.32*0.12in
Package weight: Approx. 130g/4.30oz
<strong>NOTE:</strong>
1. INSTALL APP “HUAWEI HEALTH” VIA QR-CODE. OPEN APP AND FOLLOW ITS INSTRUCTION, THEN PAIR THE SMART DEVICE. PLEASE UPDATE THE APP AT LEAST TO 9.0.2.302 VERSION ON ANDROID, AND 8.0.6.301 ON IOS.
2. ITEM COLOR MAY SHOW SLIGHT ABERRATION DUE TO DIFFERENT SHOOTING LIGHT AND MONITOR DISPLAY.
3. COLOUR MAY VARY, COLOURS AND FEATURES MAY NOT BE AVAILABLE IN ALL MARKET, PLEASE CHECK WITH LOCAL RETAILERS FOR EXACT OFFER.PACKAGE LIST:
1 * Smart Band
1 * USB Clip Charger
1 * User Manual</p>","<strong>Smart Watch</strong>",2019-03-04,product,https://loozaa.com/product/honor-band-4/,0,"Huawei Honor Band 4",169,217,169,instock,5,Huawei,,,,https://loozaa.com/wp-content/uploads/2019/03/honor-band-4-b.jpg|https://loozaa.com/wp-content/uploads/2019/03/honor-band-4.jpg|https://loozaa.com/wp-content/uploads/2019/03/honor-band-4-e.jpg|https://loozaa.com/wp-content/uploads/2019/03/honor-band-4-f.jpg|https://loozaa.com/wp-content/uploads/2019/03/honor-band-4-b-1.jpg|https://loozaa.com/wp-content/uploads/2019/03/honor-band-4-1.jpg,|||||,,simple,visible,"Gift هدايا>Watches                       ساعات>Smart Watch",#honorsmartwatch|#smartwatch|#watch|huaweihonor,5,"ساعة ذكية اونور",HyperPhoneLLC,HyperPhone,HyperPhone,,,,,,,taxable
40560,"M3 Plus  Smart Fitness Tracker","<p style=""text-align: left;""><strong>M3 Plus Smart Bracelet Fitness tracker HD Heart Rate Monitor Waterproof Bracelet Wristband For IOS and Android Phone
</strong>This is a powerful and multi-functional smart bracelet, which is a smart device that makes you live in a more intelligent lifestyle and cares more about your fitness through many functions, such as heart rate monitoring, blood pressure monitoring, sleep monitoring,
pedometer(calories, distance, steps), etc. Suitable for IOS 8.0 and above or for Android 4.4 and above, and it supports BT 4.0.</p>","<strong>Fitness tracker</strong>",2019-03-04,product,https://loozaa.com/product/m3-plus-smart-fitness-tracker/,0,"M3 Plus Smart Bracelet",69,149,69,instock,5,,,,,https://loozaa.com/wp-content/uploads/2019/03/M3-fitness-band-1.jpg|https://loozaa.com/wp-content/uploads/2019/03/M3-fitness-band-3.jpg|https://loozaa.com/wp-content/uploads/2019/03/M3-fitness-band-2.jpg,||,,simple,visible,"Gift هدايا>Watches                       ساعات>Fitness Tracker|Gift هدايا>Watches                       ساعات>Smart Watch",#smartwatches|#watches|fitnesstracker|m3pluswaterproof,5,"ساعة ذكية M3",HyperPhoneLLC,HyperPhone,HyperPhone,,,,,,,taxable
40577,"Mi Band 2 Charge","<p style=""text-align: left;""><strong>Mi Band 2 Charge
</strong>Compatible with : Smart Watches
Brand : Other
Type : Charger Kit
Brand: Xiaomi
Material: Plastic
Color: Black
Function: Quick Charging
Product weight: 0.0050 kg
Package weight: 0.0280 kg
Product size: 14.00 x 1.70 x 0.90 cm / 5.51 x 0.67 x 0.35 inches
Package size: 15.00 x 3.00 x 2.00 cm / 5.91 x 1.18 x 0.79 inches
Package Contents: 1 x Xiaomi Mi Band 2 USB Charger</p>","<strong>Mi Band 2 Charge</strong>",2019-03-04,product,https://loozaa.com/product/mi-band-2-charge/,0,MI-B3-CHRGR-1,5.10,5.10,,instock,5,MI,,,,https://loozaa.com/wp-content/uploads/2019/03/item_XXL_35985917_140320667.jpg|https://loozaa.com/wp-content/uploads/2019/03/item_XXL_35985917_140320633.jpg|https://loozaa.com/wp-content/uploads/2019/03/item_XXL_35985917_140320655.jpg,||,,simple,visible,"Mobile Accessories>Charger &amp; Cableشواحن و كوابل|Gift هدايا>Watches                       ساعات>Smart Watch",#mibandsmartwatch|#smartwatches|chargerkit|quikchargingsmartwatch,5,,HyperPhoneLLC,HyperPhone,HyperPhone,,,,,,,taxable
40603,"Ladies Tally Pants","<p style=""text-align: left;"">Ladies Tally Pants
This ladies embroidered tally pants is made of high-end quality cotton for added comfort.</p>","<strong>Colored Pants</strong>",2019-03-05,product,https://loozaa.com/product/ladies-tally-pants/,0,,23,23,,instock,5,,,,,https://loozaa.com/wp-content/uploads/2019/03/18.jpg,,,simple,visible,"Uncategorized>homepageladiessection|Ladies wear سيدتي الجميلة>Pants",#coloful|#coloredpants|#pants|ladieswear,5,,MuscatShop,Muscat,Shop,,,,,,,taxable
40604,"Ladies Tally Pants","<p style=""text-align: left;"">Ladies Tally Pants
This ladies embroidered tally pants is made of high-end quality cotton for added comfort.</p>","<strong>Colored Pants</strong>",2019-03-05,product,https://loozaa.com/product/ladies-tally-pants-2/,0,,23,23,,instock,5,,,,,https://loozaa.com/wp-content/uploads/2019/03/16.jpg,,,simple,visible,"Uncategorized>homepageladiessection|Ladies wear سيدتي الجميلة>Pants",#coloful|#coloredpants|#pants|ladieswear,5,,MuscatShop,Muscat,Shop,,,,,,,taxable
40621,"Ladies Tally Pants","<p style=""text-align: left;"">Ladies Tally Pants
This ladies embroidered tally pants is made of high-end quality cotton for added comfort.</p>","<strong>Colored Pants</strong>",2019-03-05,product,https://loozaa.com/product/ladies-tally-pants-3/,0,,23,23,,instock,5,,,,,https://loozaa.com/wp-content/uploads/2019/03/19.jpg,,,simple,visible,"Uncategorized>homepageladiessection|Ladies wear سيدتي الجميلة>Pants",#coloful|#coloredpants|#pants|ladieswear,5,,MuscatShop,Muscat,Shop,,,,,,,taxable
40623,"Ladies Tally Pants","<p style=""text-align: left;"">Ladies Tally Pants
This ladies embroidered tally pants is made of high-end quality cotton for added comfort.</p>","<strong>Colored Pants</strong>",2019-03-05,product,https://loozaa.com/product/ladies-tally-pants-4/,0,,23,23,,instock,5,,,,,https://loozaa.com/wp-content/uploads/2019/03/17.jpg,,,simple,visible,"Uncategorized>homepageladiessection|Ladies wear سيدتي الجميلة>Pants",#coloful|#coloredpants|#pants|ladieswear,5,,MuscatShop,Muscat,Shop,,,,,,,taxable
40633,"Ladies Tally Pants","<p style=""text-align: left;"">Ladies Tally Pants
This ladies embroidered tally pants is made of high-end quality cotton for added comfort.</p>","<strong>Colored Pants</strong>",2019-03-05,product,https://loozaa.com/product/ladies-tally-pants-5/,0,,23,23,,instock,5,,,,,https://loozaa.com/wp-content/uploads/2019/03/6-2.jpg,,,simple,visible,"Uncategorized>homepageladiessection|Ladies wear سيدتي الجميلة>Pants",#coloful|#coloredpants|#pants|ladieswear,5,,MuscatShop,Muscat,Shop,,,,,,,taxable
40641,"Ladies Tally Pants","<p style=""text-align: left;"">Ladies Tally Pants
This ladies embroidered tally pants is made of high-end quality cotton for added comfort.</p>","<strong>Colored Pants</strong>",2019-03-05,product,https://loozaa.com/product/ladies-tally-pants-6/,0,,23,23,,instock,5,,,,,https://loozaa.com/wp-content/uploads/2019/03/4-2.jpg,,,simple,visible,"Uncategorized>homepageladiessection|Ladies wear سيدتي الجميلة>Pants",#coloful|#coloredpants|#pants|ladieswear,5,,MuscatShop,Muscat,Shop,,,,,,,taxable
40730,"Ladies Tally Pants","<p style=""text-align: left;"">Ladies Tally Pants
This ladies embroidered tally pants is made of high-end quality cotton for added comfort.</p>","<strong>Colored Pants</strong>",2019-03-05,product,https://loozaa.com/product/ladies-tally-pants-7/,0,,20,20,,instock,5,,,,,https://loozaa.com/wp-content/uploads/2019/03/22.jpg,,,simple,visible,"Uncategorized>homepageladiessection|Ladies wear سيدتي الجميلة>Pants",#coloful|#coloredpants|#pants|ladieswear,5,,MuscatShop,Muscat,Shop,,,,,,,taxable
40732,"Ladies Tally Pants","<p style=""text-align: left;"">Ladies Tally Pants
This ladies embroidered tally pants is made of high-end quality cotton for added comfort.</p>","<strong>Colored Pants</strong>",2019-03-05,product,https://loozaa.com/product/ladies-tally-pants-8/,0,,20,20,,instock,5,,,,,https://loozaa.com/wp-content/uploads/2019/03/20.jpg,,,simple,visible,"Uncategorized>homepageladiessection|Ladies wear سيدتي الجميلة>Pants",#coloful|#coloredpants|#pants|ladieswear,5,,MuscatShop,Muscat,Shop,,,,,,,taxable
40757,"Ladies Tally Pants","<p style=""text-align: left;"">Ladies Tally Pants
This ladies embroidered tally pants is made of high-end quality cotton for added comfort.</p>","<strong>Colored Pants</strong>",2019-03-05,product,https://loozaa.com/product/ladies-tally-pants-10/,0,,20,20,,instock,5,,,,,https://loozaa.com/wp-content/uploads/2019/03/12-2.jpg,,,simple,visible,"Uncategorized>homepageladiessection|Ladies wear سيدتي الجميلة>Pants",#coloful|#coloredpants|#pants|ladieswear,5,,MuscatShop,Muscat,Shop,,,,,,,taxable
40767,"Ladies Tally Pants","<p style=""text-align: left;"">Ladies Tally Pants
This ladies embroidered tally pants is made of high-end quality cotton for added comfort.</p>","<strong>Colored Pants</strong>",2019-03-05,product,https://loozaa.com/product/ladies-tally-pants-9/,0,,20,20,,instock,5,,,,,https://loozaa.com/wp-content/uploads/2019/03/21.jpg,,,simple,visible,"Uncategorized>homepageladiessection|Ladies wear سيدتي الجميلة>Pants",#coloful|#coloredpants|#pants|ladieswear,5,,MuscatShop,Muscat,Shop,,,,,,,taxable
40848,"Ladies Tally Pants","<p style=""text-align: left;"">Ladies Tally Pants
This ladies embroidered tally pants is made of high-end quality cotton for added comfort.</p>","<strong>Colored Pants</strong>",2019-03-05,product,https://loozaa.com/product/ladies-tally-pants-11/,0,,50,50,,instock,5,,,,,https://loozaa.com/wp-content/uploads/2019/03/14-1.jpg,,,simple,visible,"Ladies wear سيدتي الجميلة>Pants",#coloful|#coloredpants|#pants|ladieswear,5,,MuscatShop,Muscat,Shop,,,,,,,taxable
40850,"Ladies Tally Pants","<p style=""text-align: left;"">Ladies Tally Pants
This ladies embroidered tally pants is made of high-end quality cotton for added comfort.</p>","<strong>Colored Pants</strong>",2019-03-05,product,https://loozaa.com/product/ladies-tally-pants-12/,0,,50,50,,instock,5,,,,,https://loozaa.com/wp-content/uploads/2019/03/15-1.jpg,,,simple,visible,"Ladies wear سيدتي الجميلة>Pants",#coloful|#coloredpants|#pants|ladieswear,5,,MuscatShop,Muscat,Shop,,,,,,,taxable
40865,"Ladies Tally Pants","<p style=""text-align: left;"">Ladies Tally Pants
This ladies embroidered tally pants is made of high-end quality cotton for added comfort.</p>","<strong>Colored Pants</strong>",2019-03-05,product,https://loozaa.com/product/ladies-tally-pants-13/,0,,50,50,,instock,5,,,,,https://loozaa.com/wp-content/uploads/2019/03/13-2.jpg,,,simple,visible,"Ladies wear سيدتي الجميلة>Pants",#coloful|#coloredpants|#pants|ladieswear,5,,MuscatShop,Muscat,Shop,,,,,,,taxable
40888,"Ladies Tally Pants","<p style=""text-align: left;"">Ladies Tally Pants
This ladies embroidered tally pants is made of high-end quality cotton for added comfort.</p>","<strong>Colored Pants</strong>",2019-03-05,product,https://loozaa.com/product/ladies-tally-pants-14/,0,,50,50,,instock,5,,,,,https://loozaa.com/wp-content/uploads/2019/03/7-2.jpg,,,simple,visible,"Ladies wear سيدتي الجميلة>Pants",#coloful|#coloredpants|#pants|ladieswear,5,,MuscatShop,Muscat,Shop,,,,,,,taxable
40890,"Ladies Tally Pants","<p style=""text-align: left;"">Ladies Tally Pants
This ladies embroidered tally pants is made of high-end quality cotton for added comfort.</p>","<strong>Colored Pants</strong>",2019-03-05,product,https://loozaa.com/product/ladies-tally-pants-15/,0,,50,50,,instock,5,,,,,https://loozaa.com/wp-content/uploads/2019/03/8-2.jpg,,,simple,visible,"Ladies wear سيدتي الجميلة>Pants",#coloful|#coloredpants|#pants|ladieswear,5,,MuscatShop,Muscat,Shop,,,,,,,taxable
40907,"Ladies Tally Pants","<p style=""text-align: left;"">Ladies Tally Pants
This ladies embroidered tally pants is made of high-end quality cotton for added comfort.</p>","<strong>Colored Pants</strong>",2019-03-05,product,https://loozaa.com/product/ladies-tally-pants-16/,0,,50,50,,instock,5,,,,,https://loozaa.com/wp-content/uploads/2019/03/9-1.jpg,,,simple,visible,"Ladies wear سيدتي الجميلة>Pants",#coloful|#coloredpants|#pants|ladieswear,5,,MuscatShop,Muscat,Shop,,,,,,,taxable
40934,"Ladies Tally Pants","<p style=""text-align: left;"">Ladies Tally Pants
This ladies embroidered tally pants is made of high-end quality cotton for added comfort.</p>","<strong>Colored Pants</strong>",2019-03-05,product,https://loozaa.com/product/ladies-tally-pants-17/,0,,50,50,,instock,5,,,,,https://loozaa.com/wp-content/uploads/2019/03/10-2.jpg,,,simple,visible,"Ladies wear سيدتي الجميلة>Pants",#coloful|#coloredpants|#pants|ladieswear,5,,MuscatShop,Muscat,Shop,,,,,,,taxable
41057,"Ladies Tally Pants","<p style=""text-align: left;"">Ladies Tally Pants
This ladies embroidered tally pants is made of high-end quality cotton for added comfort.</p>","<strong>Colored Pants</strong>",2019-03-05,product,https://loozaa.com/product/ladies-tally-pants-18/,0,,20,20,,instock,5,,,,,https://loozaa.com/wp-content/uploads/2019/03/11-2.jpg,,,simple,visible,"Ladies wear سيدتي الجميلة>Pants",#coloful|#coloredpants|#pants|ladieswear,5,,MuscatShop,Muscat,Shop,,,,,,,taxable
41083,"Ladies Tally Pants","<p style=""text-align: left;"">Ladies Tally Pants
This ladies embroidered tally pants is made of high-end quality cotton for added comfort.</p>","<strong>Colored Pants</strong>",2019-03-05,product,https://loozaa.com/product/ladies-tally-pants-19/,0,,23,23,,instock,5,,,,,https://loozaa.com/wp-content/uploads/2019/03/1-2.jpg,,,simple,visible,"Ladies wear سيدتي الجميلة>Pants",#coloful|#coloredpants|#pants|ladieswear,5,,MuscatShop,Muscat,Shop,,,,,,,taxable
41119,"Ladies Tally Pants","Ladies Tally Pants
This ladies embroidered tally pants is made of high-end quality cotton for added comfort.","<strong>Colored Pants</strong>",2019-03-05,product,https://loozaa.com/product/ladies-tally-pants-20/,0,,50,50,,instock,5,,,,,https://loozaa.com/wp-content/uploads/2019/03/5-2.jpg,,,simple,visible,"Ladies wear سيدتي الجميلة>Pants",#coloful|#coloredpants|#pants|ladieswear,5,,MuscatShop,Muscat,Shop,,,,,,,taxable
